Term,GOID,Overlap,P.value,Adjusted.P.value,Old.P.value,Old.Adjusted.P.value,Odds.Ratio,Combined.Score,Genes,namespace
Regulation Of Transcription By RNA Polymerase II ,GO:0006357,202/2028,5.525562647743004e-38,1.6957951765923278e-34,0,0,3.341007971279056,286.62122653453605,ELK1;BACH2;RPS6KA4;SOX2;RPS6KA3;RPS6KA5;EDNRB;CREB3L1;ZC3H12A;CREB3L2;RPS6KA1;DPF3;SOX9;JUNB;IER2;MEF2A;MEF2C;ZFP2;BHLHA15;SOX12;THAP3;ZSCAN20;ZSCAN21;TRIB3;PRKD1;EZR;ZFPM2;ATF3;EPAS1;BAZ2B;PRDM10;GALR1;PRDM16;ZSCAN12;ZBED3;EGR1;PLK3;JUN;EGR2;JAG1;JUND;EGR4;BCL11B;GADD45A;LIF;NFATC2;NR1D2;NFATC1;PBX1;FOSL2;ZBTB9;FOSL1;ZZZ3;ID1;ID4;SNAI1;REL;ID3;NANOG;GTF2IRD1;MKX;CDK12;CDK13;RBAK;CSRNP1;SUV39H2;RARG;GMEB2;PHF20;CITED2;TCF20;GLI2;TEAD1;TEAD3;ZHX2;EDN1;TET1;FOS;BAZ1A;PROX1;ZHX1;ZEB2;TAL2;RARB;RHOQ;FOXC2;DOT1L;HOXD13;RXRA;GBX2;NFIL3;CUX1;PLAGL1;HDX;PCGF5;WNT7A;HIPK2;POU4F3;PER1;FOSB;F2RL1;ZBTB26;NR3C1;FGF2;SALL3;ZBTB39;ZBTB37;WNT5A;ARID5A;MITF;POU3F2;HIC1;NPAS4;ADCYAP1;HIC2;MYCL;MAF;MYCN;ERF;HOMEZ;DLX1;DLX2;MAGEL2;NOTCH1;DLX5;CREM;FOXO3;BHLHE23;FOXO1;NPAS2;GLIS1;HMBOX1;MSC;MAP2K5;ZBTB18;ZBTB17;ZFHX3;AKIRIN1;TFAP2D;POU2F1;TGFB3;ZBTB16;SMAD9;INHBA;BMP6;HOPX;SMAD7;NR4A2;NFKBIA;NR4A1;BMP2;CDK7;NR4A3;SP2;MAFF;NFE2L3;TCF4;LHX5;MELTF;BMPR1B;MXD4;HMGB2;CHD2;DBP;MYOCD;RBM14;KLF12;PPP1R12A;TGIF2;ETV1;OLIG2;ETV3;GREM1;IMPACT;ELF1;ELF2;TFDP2;IRF1;TRAF6;CRY2;KDM7A;CREB5;CEBPB;ZBTB46;PLAG1;SRF;ZBTB43;ZBTB40;ATOH7;MAPK7;DNAJB4;MXI1;HES1;ZNF740;MLXIP;ARID3A;KLF4;MEIS2;REST;KLF5;KLF9;CDK2AP1,Biological_Process
Positive Regulation Of Transcription By RNA Polymerase II ,GO:0045944,121/938,2.577458253383663e-32,3.9551096898172307e-29,0,0,4.148907630656763,301.7746103393528,NR3C1;ELK1;FGF2;RPS6KA4;SOX2;RPS6KA3;RPS6KA5;ZC3H12A;RPS6KA1;SOX9;JUNB;IER2;MEF2A;MEF2C;WNT5A;MITF;BHLHA15;SOX12;POU3F2;NPAS4;ADCYAP1;THAP3;MYCN;ZSCAN21;PRKD1;ZFPM2;ATF3;DLX1;NOTCH1;DLX5;EPAS1;FOXO3;BHLHE23;PRDM10;FOXO1;GLIS1;GALR1;MAP2K5;ZBED3;ZBTB18;ZBTB17;EGR1;JUN;EGR2;ZFHX3;AKIRIN1;JAG1;JUND;POU2F1;EGR4;BCL11B;TGFB3;LIF;SMAD9;NR1D2;NFATC1;INHBA;ELL2;PBX1;BMP6;FOSL2;NR4A2;NFKBIA;NR4A1;BMP2;CDK7;NR4A3;MAFF;REL;NANOG;TCF4;MELTF;CDK12;CDK13;BMPR1B;CSRNP1;RARG;CITED2;HMGB2;TCF20;GLI2;DBP;TEAD1;MYOCD;RBM14;EDN1;PPP1R12A;TET1;ETV1;FOS;OLIG2;PROX1;GREM1;ELF1;ZEB2;TFDP2;IRF1;TRAF6;RARB;RHOQ;FOXC2;CEBPB;PLAG1;SRF;DOT1L;HOXD13;ATOH7;RXRA;MAPK7;PLAGL1;HES1;MLXIP;PCGF5;WNT7A;KLF4;MEIS2;HIPK2;POU4F3;PER1;KLF5;F2RL1,Biological_Process
Positive Regulation Of DNA-templated Transcription ,GO:0045893,137/1243,1.8907048218874902e-29,1.9341910327909024e-26,0,0,3.500819526451944,231.5372649099836,NR3C1;ELK1;FGF2;RPS6KA4;SOX2;RPS6KA3;HMGN5;RPS6KA5;ZC3H12A;CREB3L2;RPS6KA1;SOX9;JUNB;IER2;MEF2A;MEF2C;WNT5A;DYRK1A;DYRK1B;MITF;BHLHA15;SOX12;POU3F2;NPAS4;ADCYAP1;THAP3;MYCN;ZSCAN21;PRKD1;ZFPM2;ATF3;DLX1;NOTCH1;DLX5;EPAS1;CREBL2;FOXO3;BHLHE23;PRDM10;FOXO1;NPAS2;GLIS1;GALR1;PRDM16;APOE;MAP2K5;ZBED3;ZBTB18;ZBTB17;EGR1;JUN;EGR2;ZFHX3;AKIRIN1;JAG1;JUND;POU2F1;EGR4;BCL11B;TGFB3;ZBTB16;LIF;NFATC2;NR1D2;NFATC1;INHBA;PBX1;BMP6;FOSL2;FOSL1;NR4A2;NFKBIA;NR4A1;BMP2;CDK7;NR4A3;MAFF;SNAI1;REL;NANOG;TCF4;MELTF;CDK12;CDK13;BMPR1B;CSRNP1;RARG;PHF20;CITED2;HMGB2;TCF20;GLI2;LBH;DBP;TEAD1;MYOCD;RBM14;EDN1;PPP1R12A;TET1;ETV1;FOS;OLIG2;PROX1;GREM1;ELF1;ZEB2;ELF2;TFDP2;IRF1;TRAF6;RARB;RHOQ;CREB5;FOXC2;CEBPB;PLAG1;SRF;DOT1L;HOXD13;ATOH7;RXRA;MAPK7;NFIL3;PLAGL1;HES1;MLXIP;PCGF5;WNT7A;KLF4;MEIS2;HIPK2;POU4F3;PER1;REST;KLF5;F2RL1,Biological_Process
Regulation Of DNA-templated Transcription ,GO:0006355,175/1922,1.1023875804539867e-27,8.458068711033214e-25,0,0,2.902986498531954,180.19510444110367,NR3C1;ELK1;FGF2;BACH2;RPS6KA4;SOX2;RPS6KA3;HMGN5;RPS6KA5;SALL3;CREB3L1;CREB3L2;RPS6KA1;DPF3;SOX9;JUNB;MEF2C;ZFP2;WNT5A;DYRK1A;ARID5A;DYRK1B;MITF;POU3F2;HIC1;NPAS4;HIC2;MYCL;MAF;MYCN;ZSCAN20;ZSCAN21;ERF;TRIB3;ZFPM2;ATF3;HOMEZ;CALCA;MAGEL2;NOTCH1;DLX5;EPAS1;CREM;CREBL2;BAZ2B;FOXO3;FOXO1;NPAS2;GLIS1;ZFP36L2;HMBOX1;PRDM16;ZSCAN12;APOE;MSC;ZBED3;ZBTB18;CDK17;EGR1;JUN;EGR2;ZFHX3;TFAP2D;JUND;POU2F1;EGR4;TGFB3;ZBTB16;NFXL1;NFATC2;SMAD9;NR1D2;NFATC1;INHBA;PBX1;HOPX;FOSL2;SMAD7;ZBTB9;FOSL1;NR4A2;NR4A1;BMP2;ZZZ3;NR4A3;SP2;ID1;MAFF;NFE2L3;ID4;SNAI1;REL;ID3;NANOG;TCF4;GTF2IRD1;LHX5;MKX;MELTF;RBAK;MXD4;LIN54;CSRNP1;SUV39H2;GMEB2;BTG1;CDKN1B;PHF20;CITED2;CHD7;HMGB2;TCF20;CHD2;GLI2;LBH;DBP;HMG20A;TEAD1;TEAD3;ZHX2;MYOCD;KLF12;TGIF2;NRG1;ETV1;FOS;BAZ1A;PROX1;ETV3;ZHX1;MLF1;ELF1;ZEB2;ELF2;TAL2;TFDP2;IRF1;TRAF6;CRY2;CRYAB;KDM7A;CREB5;FOXC2;CEBPB;ZBTB46;PLAG1;ZBTB43;HOXD13;SPTY2D1;ZBTB40;ATOH7;BTAF1;RXRA;GBX2;NFIL3;CUX1;MXI1;HES1;HDX;ZNF740;MLXIP;PCGF5;WNT7A;ARID3A;KLF4;CDK11B;PML;HIPK2;POU4F3;PER1;REST;KLF5;KLF9;FOSB;CDK2AP1,Biological_Process
Negative Regulation Of Transcription By RNA Polymerase II ,GO:0000122,84/763,4.689345632522243e-18,2.8783203492421525e-15,0,0,3.3054457945868863,131.8913814123148,SUV39H2;RARG;CITED2;ZBTB26;HMGB2;NR3C1;BACH2;GLI2;SOX2;EDNRB;SOX9;MEF2A;ZBTB39;MEF2C;EDN1;ZHX2;KLF12;TGIF2;ZBTB37;ARID5A;TET1;MITF;SOX12;PROX1;ZHX1;HIC1;HIC2;ZEB2;IMPACT;MAF;TRAF6;CRY2;ERF;RARB;TRIB3;EZR;ZFPM2;ATF3;DLX1;FOXC2;DLX2;MAGEL2;CEBPB;NOTCH1;ZBTB46;CREM;FOXO3;GLIS1;HMBOX1;RXRA;CUX1;NFIL3;DNAJB4;PRDM16;MXI1;HES1;MAP2K5;ZBTB18;PLK3;ZBTB17;JUN;ZFHX3;JUND;GADD45A;ZBTB16;NR1D2;KLF4;MEIS2;BMP6;SMAD7;NR4A2;PER1;BMP2;REST;NR4A3;SP2;MAFF;ID1;SNAI1;ID4;FOSB;ID3;GTF2IRD1;MXD4,Biological_Process
Negative Regulation Of DNA-templated Transcription ,GO:0045892,100/1025,1.1491224942453267e-17,5.877761558064847e-15,0,0,2.9174838555369527,113.79630601267782,ZBTB26;NR3C1;BACH2;SOX2;RPS6KA5;EDNRB;CREB3L1;SOX9;MEF2A;ZBTB39;MEF2C;ZBTB37;WNT5A;ARID5A;MITF;SOX12;HIC1;HIC2;MAF;ERF;TRIB3;EZR;ZFPM2;ATF3;DLX1;DLX2;CALCA;MAGEL2;NOTCH1;CREM;FOXO3;FOXO1;GLIS1;HMBOX1;PRDM16;MAP2K5;ZBTB18;ZBTB17;PLK3;JUN;ZFHX3;JUND;POU2F1;GADD45A;ZBTB16;NR1D2;BMP6;SMAD7;NR4A2;BMP2;NR4A3;SP2;ID1;MAFF;ID4;SNAI1;ID3;GTF2IRD1;RBAK;MXD4;SUV39H2;RARG;CDKN1B;CITED2;HMGB2;GLI2;LBH;ZHX2;EDN1;KLF12;TGIF2;TET1;NRG1;PROX1;ZHX1;IMPACT;ZEB2;TFDP2;IRF1;TRAF6;CRY2;RARB;CRYAB;FOXC2;CEBPB;ZBTB46;SRF;BTAF1;RXRA;NFIL3;CUX1;DNAJB4;MXI1;HES1;KLF4;MEIS2;PML;PER1;REST;FOSB,Biological_Process
Cellular Response To Growth Factor Stimulus ,GO:0071363,33/155,9.36959597143798e-16,4.1078985766204514e-13,0,0,6.9347562988227525,239.96955462635083,DLX1;NOTCH1;DLX5;NR3C1;ZFP36L2;ACVR1C;MAPK7;HAS1;KDR;HAS2;SOX9;PDE8A;EMD;MAP2K5;MEF2C;PDPK1;SPHK1;NTRK3;WNT5A;SMAD9;WNT7A;PTPN12;KLF4;BMP6;SMAD7;TGFBR2;NR4A1;BMP2;PDE3A;GAS1;SPRY2;PRKD1;BMPR1B,Biological_Process
Regulation Of Gene Expression ,GO:0010468,89/1127,1.2710256511345145e-10,4.875972154164781e-8,0,0,2.2628869294808878,51.56220212114495,LIN54;USP36;BTG1;CSF1;PHF20;CITED2;ZBTB26;CHD7;TNC;NR3C1;FGF2;AFF1;FGF5;RPS6KA4;SOX2;GJA1;HMGN5;RPS6KA5;CREB3L1;ZC3H12A;NFKBIZ;KDR;HMG20A;SOX9;ZBTB39;MEF2C;TGIF2;MBNL2;EDN3;ZBTB37;WNT5A;NRG1;MITF;BAZ1A;PROX1;WNT16;HIC1;MLF1;RBL2;SFRP4;HIC2;MYCN;ZSCAN21;EZR;CEBPB;NOTCH1;ROCK1;PLAG1;CREM;CREBL2;HOXD13;SPTY2D1;TTBK1;AURKA;MAPK8;NFIL3;STC2;APOE;MSC;STOX1;NTSR1;ZBTB17;EGR1;ZFHX3;TIPARP;NTRK3;NFXL1;NFATC2;NR1D2;INHBA;KLF4;CDK11B;BMP6;PML;CLK1;PER1;BMP2;REST;OCLN;ZZZ3;SNAI1;REL;SPRY2;NANOG;GTF2IRD1;RBAK;BMPR1B;NFKBID;HSPA1B,Biological_Process
Regulation Of Cell Population Proliferation ,GO:0042127,68/766,1.8719776056666347e-10,6.383443635323224e-8,0,0,2.5417329190039952,56.93190840983272,BTG3;BTG2;CDKN1A;RARG;BTG1;CDKN1B;CSF1;FLT3;HMGB2;IRS2;CXCL1;AREG;FGF2;FGF5;HMGN5;ADAMTS1;RPS6KA2;KDR;SOX9;JUNB;IL6R;EDN1;MYOCD;EDN3;NRG1;PROX1;TENT5B;POU3F2;KLHL41;TGFBR2;GREM1;SFRP4;IRF1;SGK1;NOTCH1;DOT1L;NPR3;THBS1;PAK1;SERTAD1;NTF3;HAS2;HES1;ZBTB17;JUN;JAG1;JUND;TFAP2D;TSLP;EGR4;TGFB3;NTRK3;LIF;INHBA;MEIS2;PML;BMP6;FOSL1;EPGN;BMP2;REST;NR4A3;PRC1;SST;BCL2;MELTF;HSPA1B;FGFR1,Biological_Process
Protein Phosphorylation ,GO:0006468,51/500,3.5380841809425206e-10,1.0858380351312594e-7,0,0,2.933074568887609,63.83034762002669,DDR1;DYRK2;FLT3;RPS6KA4;RPS6KA3;RPS6KA5;RPS6KA1;PIM1;KDR;PIM3;NEK3;PRKACA;PRKACB;PRKG1;PDK1;PDPK1;DYRK1A;DYRK1B;PRKCA;CSNK1D;TGFBR2;PEAK1;SIK1;PRKD1;TRIB1;SGK1;ROCK1;PRKX;TTBK1;TTBK2;AURKA;PAK1;MAPK8;NUAK2;ACVR1C;MAPK6;CDK17;MAP3K1;DCLK3;CDC42BPB;HIPK1;CDK11B;HIPK2;SMAD7;CLK1;MAPK10;BMP2;STK17B;CDK12;BMPR1B;FGFR1,Biological_Process
Positive Regulation Of Cell Differentiation ,GO:0045597,36/283,4.164212341007689e-10,1.1618152431411455e-7,0,0,3.727206259480341,80.50513481575759,DLX1;DLX2;CEBPB;BTG1;CSF1;SRF;CREBL2;RPS6KA3;GJA1;RPS6KA1;ZC3H12A;BOC;KDR;DPF3;SOX9;IL6R;MEF2C;AKIRIN1;EDN3;TGFB3;ZBTB16;MMD2;TENT5A;ADRA2C;GDF5;BMP6;TGFBR2;GPRC5B;BMP2;IMPACT;REST;SNAI1;TCF4;PRKD1;BMPR1B;FGFR1,Biological_Process
Positive Regulation Of Nucleic Acid-Templated Transcription ,GO:1903508,54/557,6.837184932222417e-10,1.7486100464158834e-7,0,0,2.775682919060224,58.576554653523296,PHF20;CITED2;HMGB2;ELK1;FGF2;GLI2;SOX2;HMGN5;LBH;CREB3L2;RPS6KA1;SOX9;TEAD1;MEF2C;MYOCD;WNT5A;DYRK1A;DYRK1B;MITF;FOS;ELF1;MYCN;ELF2;IRF1;CREB5;FOXC2;CEBPB;NOTCH1;DLX5;CREBL2;FOXO3;FOXO1;NPAS2;RXRA;NFIL3;PRDM16;APOE;EGR1;JUN;EGR2;ZFHX3;TGFB3;ZBTB16;NFATC2;WNT7A;NFATC1;NR1D2;INHBA;KLF4;HIPK2;BMP2;REST;SNAI1;TCF4,Biological_Process
Regulation Of MAP Kinase Activity ,GO:0043405,21/114,2.653432954224164e-9,6.264142874241507e-7,0,0,5.706012698683257,112.67898124674691,MEF2C;EDN1;EDN3;FLT3;DUSP1;NTRK3;SPRY4;FGF2;THBS1;RGS2;BMP2;EPGN;NTF3;SPRY2;TRIB3;SPRY1;APOE;CDK12;TRIB1;MAP2K5;FGFR1,Biological_Process
Positive Regulation Of miRNA Metabolic Process ,GO:2000630,14/49,3.079889278779983e-9,6.751557283268406e-7,0,0,10.045549738219895,196.876422613299,EGR1;JUN;POU2F1;SRF;FOS;NR3C1;FOXO3;KLF4;FGF2;FOSL1;MYCN;KLF5;ZC3H12A;TEAD1,Biological_Process
Negative Regulation Of Nucleic Acid-Templated Transcription ,GO:1903507,46/456,3.752677452836181e-9,7.677978068502827e-7,0,0,2.883353325336532,55.93935042287155,SUV39H2;MAGEL2;CALCA;CDKN1B;NOTCH1;CITED2;HMGB2;NR3C1;FOXO1;HMBOX1;BTAF1;LBH;RPS6KA5;NFIL3;CREB3L1;PRDM16;HES1;SOX9;ZBTB18;JUN;ZHX2;POU2F1;ZBTB16;WNT5A;ARID5A;NR1D2;NRG1;PROX1;KLF4;ZHX1;PML;HIC2;PER1;BMP2;REST;TFDP2;TRAF6;IRF1;ID1;CRY2;ID4;ID3;TRIB3;ZFPM2;RBAK;CRYAB,Biological_Process
Regulation Of miRNA Transcription ,GO:1902893,15/59,4.994938694641991e-9,9.473300647411944e-7,0,0,8.568747765995472,163.79024853062748,EGR1;JUN;POU2F1;SRF;FOS;NR3C1;FOXO3;KLF4;FGF2;FOSL1;REST;MYCN;KLF5;SOX9;TEAD1,Biological_Process
Positive Regulation Of miRNA Transcription ,GO:1902895,13/43,5.247510948387197e-9,9.473300647411944e-7,0,0,10.87128540305011,207.2666220663182,EGR1;JUN;POU2F1;SRF;FOS;FOXO3;NR3C1;KLF4;FGF2;FOSL1;KLF5;MYCN;TEAD1,Biological_Process
Positive Regulation Of Cell Population Proliferation ,GO:0008284,47/483,7.991983649346202e-9,1.3626332122135271e-6,0,0,2.770309617339575,51.65194311258269,CDKN1A;NOTCH1;CSF1;FLT3;DOT1L;IRS2;AREG;FGF2;THBS1;FGF5;GJA1;PAK1;HMGN5;SERTAD1;NTF3;PIM1;KDR;HAS2;HES1;SOX9;IL6R;MEF2C;EDN1;TSLP;EGR4;EDN3;TGFB3;SPHK1;NTRK3;WNT5A;LIF;NRG1;PROX1;POU3F2;MEIS2;BMP6;TGFBR2;FOSL1;GREM1;EPGN;BMP2;NR4A3;PRC1;BCL2;NANOG;ZFPM2;FGFR1,Biological_Process
Response To Transforming Growth Factor Beta ,GO:0071559,12/38,1.1763891913857645e-8,1.9001781201910056e-6,0,0,11.566177947378993,211.17794879858525,DLX1;MEF2C;ZFHX3;MAPK7;ROCK1;WNT5A;PDE3A;WNT7A;SOX9;NR3C1;ZFP36L2;SMAD7,Biological_Process
Phosphorylation ,GO:0016310,43/429,1.4735886085447324e-8,2.2612217198118914e-6,0,0,2.8548447358217897,51.481358274895364,DGKG;DYRK2;ROCK1;TTBK1;AURKA;RPS6KA4;PAK1;MAPK8;RPS6KA5;NUAK2;ACVR1C;RPS6KA1;PIM1;PIM3;NEK3;PRKACA;MAPK6;PRKACB;PRKG1;PDK1;CDK17;MAP3K1;PDPK1;SPHK1;DYRK1A;DYRK1B;PRKCA;CSNK1D;CDC42BPB;HIPK1;CDK11B;HIPK2;TGFBR2;MAPK10;BMP2;PEAK1;STK17B;SHPK;SIK1;TRIB1;SGK1;BMPR1B;FGFR1,Biological_Process
Regulation Of Cell Differentiation ,GO:0045595,26/193,3.4658299695880816e-8,5.065062941269439e-6,0,0,3.9450089183335457,67.76629256525594,DLX1;DLX2;CEBPB;CSF1;ROCK1;SRF;RPS6KA3;RPS6KA1;NTF3;DPF3;PRKACA;ZFHX3;EDN3;BDNF;LIF;NR1D2;KLF4;KLHL41;HOPX;SMAD7;GREM1;REST;SIK1;NANOG;PHLDB2;FGFR1,Biological_Process
Positive Regulation Of Neuron Differentiation ,GO:0045666,12/42,4.1632948153511185e-8,5.80779626741481e-6,0,0,10.021932114882508,170.3164621644813,DLX1;DLX2;MEF2C;BMP2;GPRC5B;IMPACT;REST;MMD2;TCF4;PROX1;ADRA2C;FGFR1,Biological_Process
Positive Regulation Of Cellular Process ,GO:0048522,52/594,4.4381967554078926e-8,5.922098192324706e-6,0,0,2.4685635286104928,41.793848405825926,CSF1;FLT3;CITED2;IRS2;AREG;FGF2;FGF5;RPS6KA3;HMGN5;RPS6KA1;KDR;DPF3;SOX9;TEAD1;IL6R;EDN1;EDN3;SPHK1;PRKCA;NRG1;PROX1;POU3F2;TGFBR2;GREM1;DLX1;DLX2;NOTCH1;SRF;DOT1L;NEDD9;THBS1;PAK1;MAPK8;SERTAD1;NTF3;HAS2;HES1;EGR2;ZFHX3;TSLP;EGR4;TGFB3;NTRK3;LIF;MEIS2;BMP6;FOSL1;EPGN;BMP2;PRC1;BCL2;FGFR1,Biological_Process
Positive Regulation Of Macromolecule Metabolic Process ,GO:0010604,37/364,1.0542864320602753e-7,1.3137988376787906e-5,0,0,2.885244751492941,46.35212481087849,NOTCH1;CSF1;ROCK1;CITED2;TNC;FGF2;TTBK1;FGF5;GJA1;MAPK8;HMGN5;MAPK7;ZC3H12A;SOX9;BVES;NTSR1;MAP2K5;STOX1;EGR1;MEF2C;NTRK3;WNT5A;WNT7A;MITF;INHBA;WNT16;KLF4;BMP6;NFKBIA;SFRP4;OCLN;BMP2;MYCN;SPRY2;EZR;BMPR1B;HSPA1B,Biological_Process
Regulation Of Blood Vessel Endothelial Cell Migration ,GO:0043535,13/54,1.0702173653297417e-7,1.3137988376787906e-5,0,0,7.95003985333971,127.59999898510743,MEF2C;ANGPT2;PDPK1;GADD45A;NRG1;PRKCA;FGF2;THBS1;KDR;PRKD1;APOE;EPHA2;FGFR1,Biological_Process
Regulation Of Apoptotic Process ,GO:0042981,57/705,1.5181854862000018e-7,1.787165764463855e-5,0,0,2.266052807314943,35.57834290569739,USP36;RARG;FLT3;CITED2;RPS6KA3;HMGN5;RPS6KA2;CFL1;RPS6KA1;PIM1;KDR;PROK2;PIM3;SOX9;PHLDA1;IER3;MEF2C;SPHK1;WNT5A;PAWR;NRG1;ANO6;TENT5B;MMP9;DUSP6;GREM1;SFRP4;GAS1;SGK1;CRYAB;PSEN2;FOXO3;THBS1;FOXO1;SOCS3;MAPK8;NUAK2;ACVR1C;NTF3;PMAIP1;HS1BP3;NTSR1;PLK3;EGR1;JUN;TSLP;GADD45B;GADD45A;TGFB3;RHBDD1;GADD45G;BMP2;REST;STK17B;BCL2;SPRY2;HSPA1B,Biological_Process
Cellular Response To Transforming Growth Factor Beta Stimulus ,GO:0071560,17/96,1.5722865963025116e-7,1.787165764463855e-5,0,0,5.413113990585339,84.79948723362398,DLX1;MEF2C;JUN;TGFB3;WNT5A;SMAD9;WNT7A;FOS;NR3C1;GDF5;ZFP36L2;TGFBR2;SMAD7;MAPK7;ID1;PDE3A;SOX9,Biological_Process
Peptidyl-Threonine Modification ,GO:0018210,14/66,1.911051261905929e-7,2.094648686710463e-5,0,0,6.755436971405558,104.50959694118092,DYRK2;ROCK1;GALNT3;PDPK1;DYRK1A;DYRK1B;PRKCA;CDC42BPB;HIPK1;TTBK1;TGFBR2;HIPK2;MAPK8;PRKD1,Biological_Process
Peptidyl-Threonine Phosphorylation ,GO:0018107,13/58,2.639506062605336e-7,2.7933255538399223e-5,0,0,7.241859114015977,109.69608880204603,DYRK2;ROCK1;PDPK1;DYRK1A;DYRK1B;PRKCA;CDC42BPB;HIPK1;TTBK1;TGFBR2;HIPK2;MAPK8;PRKD1,Biological_Process
Negative Regulation Of Cell Population Proliferation ,GO:0008285,37/379,2.9165937203333626e-7,2.9836753759010297e-5,0,0,2.756508906093394,41.47906186794806,BTG3;BTG2;CDKN1A;RARG;BTG1;CDKN1B;NOTCH1;CXCL1;THBS1;SOX2;PAK1;ACVR1C;ADAMTS1;RPS6KA2;HES1;SOX9;APOE;EMD;ZBTB17;MYOCD;TGFB3;WNT5A;NRG1;PROX1;INHBA;TENT5B;GDF5;PML;GREM1;SFRP4;BMP2;REST;SST;IRF1;TRIB1;BMPR1B;HSPA1B,Biological_Process
Negative Regulation Of Blood Vessel Endothelial Cell Migration ,GO:0043537,10/33,3.073133584998924e-7,3.0424022491489345e-5,0,0,10.868999094202898,162.98496617280423,MEF2C;NOTCH1;ANGPT2;GADD45A;NRG1;APOE;KLF4;FGF2;THBS1;MAP2K5,Biological_Process
Regulation Of Neuron Differentiation ,GO:0045664,15/79,3.271644054146308e-7,3.137711125679693e-5,0,0,5.884870576671036,87.8776131404724,MEF2C;ZFHX3;ROCK1;BDNF;MMD2;ADRA2C;SOX2;GPRC5B;IMPACT;BMP2;REST;NTF3;HES1;TCF4;FGFR1,Biological_Process
Striated Muscle Cell Differentiation ,GO:0051146,8/20,4.203504839047894e-7,3.909259500314541e-5,0,0,16.63203463203463,244.19447614091928,GREM1;MEF2C;MYOCD;BMP2;NRG1;SIK1;ASB2;BVES,Biological_Process
Peptidyl-Serine Modification ,GO:0018209,22/166,5.168200725500547e-7,4.6650611842827e-5,0,0,3.8554159318048207,55.80934722947718,DYRK2;ROCK1;GALNT3;PDPK1;DYRK1A;DCLK3;DYRK1B;CSNK1D;PRKCA;PRKX;HIPK1;TTBK1;TTBK2;TGFBR2;AURKA;HIPK2;RPS6KA3;MAPK8;PRKD1;PRKACA;SGK1;PRKACB,Biological_Process
Peptidyl-Serine Phosphorylation ,GO:0018105,21/158,8.90070018403336e-7,7.804642532799538e-5,0,0,3.8645151336913854,53.8402923088542,DYRK2;ROCK1;PDPK1;DYRK1A;DCLK3;DYRK1B;CSNK1D;PRKCA;PRKX;HIPK1;TTBK1;TTBK2;TGFBR2;AURKA;HIPK2;RPS6KA3;MAPK8;PRKD1;PRKACA;SGK1;PRKACB,Biological_Process
Regulation Of Vascular Associated Smooth Muscle Cell Proliferation ,GO:1904705,10/37,1.0041921176530482e-6,8.560737802992236e-5,0,0,9.25684799382716,127.84935650892392,CDKN1A;GJA1;JUN;MEF2C;CDKN1B;NR4A3;TGFB3;FGF2;MMP9;PRKG1,Biological_Process
Regulation Of Cardiac Muscle Hypertrophy ,GO:0010611,8/23,1.474645981677874e-6,1.2231590588565933e-4,0,0,13.303549783549784,178.62799497751104,MEF2A;EDN1;RGS2;NOTCH1;NR4A3;ROCK1;PRKCA;LMCD1,Biological_Process
Protein Modification Process ,GO:0036211,54/711,2.223358242339141e-6,1.7956543278260063e-4,0,0,2.107583440550973,27.43334253658612,DYRK2;NGLY1;PLAT;DUSP16;CDC14B;RPS6KA4;RPS6KA5;SENP8;RPS6KA1;PIM1;PIM3;NEK3;PRKACA;PRKACB;PRKG1;PDK1;DUSP5;PPP1R12A;PDPK1;DYRK1A;DYRK1B;PRKCA;CSNK1D;TGFBR2;PEAK1;SIK1;TRIB1;SGK1;ROCK1;WDR45B;THBS1;TTBK1;AURKA;PAK1;MAPK8;NUAK2;ACVR1C;MAN2A1;MAPK6;CDK17;MAP3K1;RHBDD1;B3GALT5;CDC42BPB;PTPN12;HIPK1;PTPN13;CDK11B;HIPK2;MAPK10;BMP2;STK17B;BMPR1B;FGFR1,Biological_Process
Negative Regulation Of Apoptotic Process ,GO:0043066,41/482,2.494955126300416e-6,1.963337764773328e-4,0,0,2.3691714587236974,30.56524915036296,NOTCH1;CITED2;PSEN2;THBS1;FOXO1;SOCS3;RPS6KA3;MAPK8;HMGN5;NUAK2;ZC3H12A;NTF3;CFL1;RPS6KA1;PIM1;KDR;PROK2;PIM3;SOX9;APOE;MAP2K5;NTSR1;IER3;PLK3;MEF2C;TSLP;BDNF;TGFB3;SPHK1;RHBDD1;WNT5A;PRKCA;KLF4;TENT5B;MMP9;NR4A2;GREM1;BCL2;SPRY2;CRYAB;HSPA1B,Biological_Process
Negative Regulation Of Macromolecule Metabolic Process ,GO:0010605,22/186,3.5733842270968875e-6,2.7414077233487485e-4,0,0,3.381694412182217,42.413202688971,MEF2C;EDN1;NOTCH1;TIPARP;CITED2;KLF4;FGF2;TTBK1;AURKA;RBL2;BMP2;OCLN;REST;EDNRB;MYCN;CREB3L1;STC2;ZC3H12A;KDR;REL;APOE;STOX1,Biological_Process
Circulatory System Development ,GO:0072359,18/132,3.6623563589865975e-6,2.7414077233487485e-4,0,0,3.9698060941828257,49.6916659035912,MEF2A;FOXC2;MEF2C;CDKN1A;NOTCH1;CDKN1B;CITED2;SRF;NTRK3;PCSK5;GLI2;TGFBR2;GJA1;BMP2;SOX9;ZFPM2;PDLIM5;BVES,Biological_Process
Negative Regulation Of Multicellular Organismal Process ,GO:0051241,25/231,4.023092263930227e-6,2.9397309900004444e-4,0,0,3.0647635993243854,38.07496716169529,FOXC2;DLX1;DLX2;NOTCH1;SRF;NPR3;RPS6KA4;ADAMTS5;GJA1;RPS6KA6;RGS2;RPS6KA5;RAB11FIP1;ACVR1C;SOX9;MEF2C;MYOCD;TET1;TRPV3;SMAD7;PROCR;BMP2;ID1;SPRY2;SPRY1,Biological_Process
Cardioblast Differentiation ,GO:0010002,5/8,4.465833242118139e-6,3.1462683310107286e-4,0,0,41.4381198792583,510.47846730880775,MYOCD;REST;NOTCH1;SRF;NRG1,Biological_Process
Cardiocyte Differentiation ,GO:0035051,6/13,4.6132966730362586e-6,3.1462683310107286e-4,0,0,21.33419689119171,262.1240574810533,GREM1;MYOCD;BMP2;NRG1;SIK1;ASB2,Biological_Process
Negative Regulation Of Fibroblast Growth Factor Receptor Signaling Pathway ,GO:0040037,6/13,4.6132966730362586e-6,3.1462683310107286e-4,0,0,21.33419689119171,262.1240574810533,CREB3L1;SPRY4;SPRY2;SPRY1;FGF2;THBS1,Biological_Process
Negative Regulation Of Cell Cycle ,GO:0045786,14/85,4.732274252916932e-6,3.1572499309134926e-4,0,0,4.942740210898902,60.603455015448205,BTG3;ZBTB17;BTG2;CDKN1A;MYOCD;BTG1;CDKN1B;DUSP1;TENT5B;NR4A1;BMP2;RPS6KA2;GAS1;HECA,Biological_Process
Negative Regulation Of Cell Differentiation ,GO:0045596,23/207,6.253555839282406e-6,4.083438908671852e-4,0,0,3.151986754966888,37.76824102727867,MYOCD;JAG1;NOTCH1;TNFAIP6;ZBTB16;WNT5A;GDF5;MEIS2;FOXO1;ZFP36L2;HOPX;SMAD7;SOX2;NFKBIA;GREM1;BMP2;REST;BBS12;SPRY2;TRIB3;HES1;SPRY1;SOX9,Biological_Process
Myoblast Differentiation ,GO:0045445,7/20,6.524591814994593e-6,4.166805312863076e-4,0,0,13.415444477701287,160.1794970109954,MYOCD;REST;JAG1;NOTCH1;EPAS1;SRF;NRG1,Biological_Process
Transmembrane Receptor Protein Tyrosine Kinase Signaling Pathway ,GO:0007169,28/284,6.652768339207909e-6,4.166805312863076e-4,0,0,2.765875,32.970550700642626,DDR1;BCAR3;FOXC2;CSF1;FLT3;NEDD9;IRS2;PLAT;FGF2;EFNA4;FOXO1;FGF5;PAK1;NTF3;KDR;BLNK;ANGPT2;GALNT3;BDNF;NTRK3;NRG1;MMP9;NR4A3;DDIT4;PRKD1;RHOQ;EPHA2;FGFR1,Biological_Process
Regulation Of Nucleic Acid-Templated Transcription ,GO:1903506,38/452,7.598353273254528e-6,4.6638692391236296e-4,0,0,2.3328894111502807,27.499118252542747,LIN54;CEBPB;BTG1;NOTCH1;PLAG1;CHD7;CREM;HOXD13;CREBL2;SPTY2D1;NR3C1;RPS6KA4;SOX2;HMGN5;RPS6KA5;NFIL3;HMG20A;MSC;MEF2C;ZFHX3;TGIF2;NFATC2;NFXL1;NR1D2;MITF;BAZ1A;CDK11B;HIC1;PML;MLF1;BMP2;REST;ZZZ3;ZSCAN21;SNAI1;GTF2IRD1;NANOG;RBAK,Biological_Process
Regulation Of p38MAPK Cascade ,GO:1900744,9/37,9.088223576591128e-6,5.363799645491955e-4,0,0,8.022756827048115,93.13242209433652,PER1;BMP2;GADD45B;DUSP1;GADD45A;SPHK1;ZC3H12A;EZR;GADD45G,Biological_Process
Negative Regulation Of Endothelial Cell Migration ,GO:0010596,9/37,9.088223576591128e-6,5.363799645491955e-4,0,0,8.022756827048115,93.13242209433652,MEF2C;NOTCH1;ANGPT2;GADD45A;NRG1;APOE;FGF2;THBS1;ADAMTS9,Biological_Process
Integrated Stress Response Signaling ,GO:0140467,8/29,1.049068872348927e-5,6.074702583469542e-4,0,0,9.4995670995671,108.91275037026166,FOSL1;CEBPB;JUN;IMPACT;MAF;NFE2L3;FOS;JUNB,Biological_Process
Positive Regulation Of MAP Kinase Activity ,GO:0043406,14/91,1.072440485180184e-5,6.095036757440712e-4,0,0,4.556163731556402,52.13612957780279,EDN1;MEF2C;EDN3;FLT3;NTRK3;WNT5A;FGF2;THBS1;PAK1;EPGN;TRAF6;NTF3;MAP2K5;FGFR1,Biological_Process
Heart Development ,GO:0007507,20/171,1.1603931387878473e-5,6.474993714436188e-4,0,0,3.33240140488214,37.86996475822303,MEF2A;FOXC2;MEF2C;CDKN1A;MYOCD;NOTCH1;CDKN1B;CITED2;SRF;NTRK3;CHD7;PCSK5;GLI2;TGFBR2;GJA1;BMP2;SOX9;ZFPM2;PDLIM5;BVES,Biological_Process
Negative Regulation Of MAPK Cascade ,GO:0043409,15/105,1.321423318032102e-5,7.241871719715217e-4,0,0,4.17911751856706,46.94910905199175,DUSP4;DUSP5;DUSP1;SPRY4;DUSP16;FOXO1;DUSP6;RGS2;RPS6KA6;BMP2;TIMP3;SPRY2;SPRY1;APOE;EZR,Biological_Process
Regulation Of Cell Migration Involved In Sprouting Angiogenesis ,GO:0090049,8/30,1.382013791554826e-5,7.44105320400309e-4,0,0,9.067296340023614,101.4574584164994,FOXC2;NOTCH1;KDR;PTGS2;KLF4;FGF2;THBS1;MAP2K5,Biological_Process
Positive Regulation Of Developmental Process ,GO:0051094,24/233,1.4448660934619955e-5,7.64533455316356e-4,0,0,2.8956379373802243,32.27162077794481,DLX1;DLX2;CEBPB;EDN3;ZBTB16;SRF;WNT5A;TET1;AURKA;RPS6KA3;GJA1;BMP2;REST;RPS6KA1;CFL1;KDR;DPF3;SOX9;APOE;BMPR1B;PHLDB2;ZBED3;PACSIN1;FGFR1,Biological_Process
Sensory Organ Development ,GO:0007423,12/70,1.4741389191918529e-5,7.668020920338637e-4,0,0,5.176195192221122,57.58440248223318,SOX2;ATOH7;MAB21L1;CHD7;BHLHA15;OLIG2;BHLHE23;HIPK1;BMPR1B;MEIS2;PBX1;HIPK2,Biological_Process
Negative Regulation Of Cellular Response To Growth Factor Stimulus ,GO:0090288,12/71,1.7119575188990218e-5,8.756662709168496e-4,0,0,5.088197548347126,55.84443350054579,GREM1;DLX1;NOTCH1;TNFAIP6;CREB3L1;SPRY4;SPRY2;SPRY1;FGF2;THBS1;HIPK2;SMAD7,Biological_Process
Response To BMP ,GO:0071772,7/23,1.8629710155525508e-5,9.372882043820948e-4,0,0,10.898346303501944,118.6911969524354,DLX1;BMP2;DLX5;SMAD9;SOX9;BMPR1B;BMP6,Biological_Process
Positive Regulation Of Cardiac Muscle Tissue Growth ,GO:0055023,6/16,1.947243486612603e-5,9.638855258732384e-4,0,0,14.93160621761658,161.95582644441842,EDN1;MEF2C;NOTCH1;PIM1;ZFPM2;FGF2,Biological_Process
Positive Regulation Of Ossification ,GO:0045778,9/41,2.2262526986020107e-5,0.0010790654710971666,0,0,7.018449284785436,75.185879793529,MEF2C;BMP2;RXRA;ZBTB16;WNT5A;ANO6;TENT5A;BMPR1B;BMP6,Biological_Process
SMAD Protein Signal Transduction ,GO:0060395,10/51,2.2502505751130227e-5,0.0010790654710971666,0,0,6.091526930894309,65.19081391650454,JUN;BMP2;TGFB3;SMAD9;FOS;INHBA;GDF5;BMP6;HIPK2;SMAD7,Biological_Process
Positive Regulation Of Epithelial Cell Proliferation ,GO:0050679,16/123,2.2936839336085133e-5,0.0010829716911145426,0,0,3.751073171928276,40.0718378274055,WNT5A;HMGB2;WNT7A;PRKCA;NRARP;PROX1;FGF2;AREG;BMP6;NR4A1;BMP2;EPGN;NR4A3;KDR;SOX9;PRKD1,Biological_Process
Cardiac Muscle Tissue Development ,GO:0048738,10/52,2.6898806468920516e-5,0.0012507945008048038,0,0,5.946180555555555,62.57420676601792,GREM1;GJA1;MYOCD;BMP2;NOTCH1;NRG1;SIK1;MSC;ASB2;ADAMTS9,Biological_Process
Positive Regulation Of Nitrogen Compound Metabolic Process ,GO:0051173,8/33,2.9561751822331564e-5,0.0013541047215333668,0,0,7.977974025974026,83.2025240766597,NFKBIA;MAPK8;MAPK7;CSF1;WNT7A;INHBA;KLF4;MAP2K5,Biological_Process
Cardiac Muscle Cell Myoblast Differentiation ,GO:0060379,4/6,3.2013914509205925e-5,0.0014277289258988882,0,0,49.6640826873385,513.9904736089461,REST;NOTCH1;SRF;NRG1,Biological_Process
Cellular Response To Fluid Shear Stress ,GO:0071498,5/11,3.3408717687155896e-5,0.0014277289258988882,0,0,20.715825786977145,213.51167078590055,MEF2C;MAPK7;HAS2;KLF4;MAP2K5,Biological_Process
Positive Regulation Of Muscle Contraction ,GO:0045933,5/11,3.3408717687155896e-5,0.0014277289258988882,0,0,20.715825786977145,213.51167078590055,MYOCD;CTTN;SPHK1;SRF;PROK2,Biological_Process
Regulation Of T-helper 17 Cell Differentiation ,GO:2000319,5/11,3.3408717687155896e-5,0.0014277289258988882,0,0,20.715825786977145,213.51167078590055,NFKBIZ;ZC3H12A;JUNB;NFKBID;SMAD7,Biological_Process
Positive Regulation Of MAPK Cascade ,GO:0043410,28/310,3.349510676595632e-5,0.0014277289258988882,0,0,2.5074231678487,25.836767138167964,DDR1;BCAR3;NOTCH1;ROCK1;FLT3;FGF2;THBS1;SOX2;NTF3;KDR;APOE;PDE8A;MAP2K5;MEF2C;EDN1;EDN3;NTRK3;LIF;PRKCA;NRG1;ADRA2C;ADCYAP1;EPGN;BMP2;F2RL1;ACKR3;SPRY2;FGFR1,Biological_Process
Regulation Of Endothelial Cell Migration ,GO:0010594,13/88,3.4298303160286584e-5,0.0014419382520399935,0,0,4.338318082788671,44.59970888555521,FOXC2;EDN1;WNT5A;PRKCA;PROX1;FGF2;THBS1;ZC3H12A;KDR;PRKD1;APOE;ADAMTS9;EPHA2,Biological_Process
Positive Regulation Of Endothelial Cell Proliferation ,GO:0001938,12/77,3.970177144960338e-5,0.0016465504943085512,0,0,4.617071701144808,46.7899344300866,NR4A1;BMP2;PDPK1;WNT5A;HMGB2;KDR;NRARP;PRKCA;PROX1;PRKD1;FGF2;FGFR1,Biological_Process
Negative Regulation Of Stem Cell Differentiation ,GO:2000737,5/12,5.543748774664558e-5,0.0022596660520541653,0,0,17.755498059508408,174.00840009345367,REST;JAG1;NOTCH1;HES1;ZFP36L2,Biological_Process
Positive Regulation Of Apoptotic Process ,GO:0043065,25/270,5.81822618112335e-5,0.0022596660520541653,0,0,2.5716182887497627,25.07824161461788,RARG;BTG1;FOXO3;FOXO1;MAPK8;ACVR1C;RPS6KA2;ZC3H12A;PMAIP1;PHLDA1;JUN;GADD45B;GADD45A;TGFB3;PAWR;ANO6;NRG1;DUSP6;GADD45G;SFRP4;BMP2;REST;STK17B;BCL2;SIK1,Biological_Process
Negative Regulation Of Protein Serine/Threonine Kinase Activity ,GO:0071901,12/80,5.851036833669277e-5,0.0022596660520541653,0,0,4.412686223314391,43.00739278658915,CDKN1A;RGS2;MYOCD;BMP2;CDKN1B;DUSP1;GADD45A;PRKAR2A;SPRY4;SPRY2;SPRY1;APOE,Biological_Process
Positive Regulation Of Blood Vessel Endothelial Cell Migration ,GO:0043536,9/46,5.882707053052359e-5,0.0022596660520541653,0,0,6.068428636699118,59.11200763877864,FOXC2;PDPK1;KDR;PRKCA;PRKD1;PTGS2;FGF2;THBS1;FGFR1,Biological_Process
Cardiac Muscle Cell Differentiation ,GO:0055007,7/27,5.890299255924836e-5,0.0022596660520541653,0,0,8.716861219195849,84.89890419704625,GREM1;MEF2C;MYOCD;BMP2;NRG1;SIK1;ASB2,Biological_Process
Ventricular Septum Morphogenesis ,GO:0060412,7/27,5.890299255924836e-5,0.0022596660520541653,0,0,8.716861219195849,84.89890419704625,NOTCH1;CITED2;HES1;PROX1;ZFPM2;SMAD7;TGFBR2,Biological_Process
Regulation Of Fibroblast Growth Factor Receptor Signaling Pathway ,GO:0040036,6/19,5.968611668417453e-5,0.002261440643255946,0,0,11.484057393383818,111.69866348737504,CREB3L1;SPRY4;SPRY2;SPRY1;FGF2;THBS1,Biological_Process
Positive Regulation Of Gene Expression ,GO:0010628,37/480,6.492414860919609e-5,0.002429905025385644,0,0,2.116665600448421,20.409505487079432,NOTCH1;CSF1;ROCK1;CITED2;TNC;FGF2;THBS1;TTBK1;FGF5;GJA1;MAPK8;HMGN5;ZC3H12A;SOX9;STOX1;NTSR1;EGR1;MEF2C;RBM14;NTRK3;WNT5A;SAMD4A;DYRK1A;MITF;INHBA;KLF4;TENT5B;WNT16;BMP6;SFRP4;OCLN;BMP2;MYCN;SPRY2;EZR;BMPR1B;HSPA1B,Biological_Process
Regulation Of Ossification ,GO:0030278,8/37,7.16280023656226e-5,0.0026137957096256247,0,0,6.8761307657859385,65.62596025982366,MEF2C;BMP2;NOTCH1;ZBTB16;WNT5A;S1PR1;SOX9;TENT5A,Biological_Process
Negative Regulation Of Smooth Muscle Cell Proliferation ,GO:0048662,8/37,7.16280023656226e-5,0.0026137957096256247,0,0,6.8761307657859385,65.62596025982366,CDKN1A;MEF2C;BMP2;CDKN1B;TGFB3;APOE;TRIB1;PRKG1,Biological_Process
Positive Regulation Of Astrocyte Differentiation ,GO:0048711,4/7,7.23925172102242e-5,0.0026137957096256247,0,0,33.107665805340226,315.6288733817682,BMP2;NOTCH1;HES1;TTBK1,Biological_Process
Positive Regulation Of Protein Phosphorylation ,GO:0001934,31/377,7.787371384401488e-5,0.0027790049742707173,0,0,2.2639923857278825,21.41832359256414,BCAR3;CDKN1A;CSF1;CREBL2;FGF2;FGF5;VTN;PAK1;NTF3;KDR;SOX9;IL6R;STOX1;BDNF;TGFB3;SPHK1;NTRK3;LIF;CSNK1D;MMD2;INHBA;GDF5;MMP9;BMP6;TGFBR2;ADCYAP1;MOB1A;BMP2;CDK2AP1;SPRY2;PRKD1,Biological_Process
Positive Regulation Of Cardiac Muscle Cell Proliferation ,GO:0060045,5/13,8.720288097690689e-5,0.003076156801357784,0,0,15.535252263906855,145.21224696873472,MEF2C;NOTCH1;PIM1;ZFPM2;FGF2,Biological_Process
Negative Regulation Of Programmed Cell Death ,GO:0043069,31/381,9.452833342519062e-5,0.003296675628203523,0,0,2.2376439089692104,20.735375535176576,CITED2;PSEN2;SLC7A11;THBS1;FOXO1;RPS6KA3;SOCS3;MAPK8;NUAK2;HMGN5;RPS6KA1;CFL1;KDR;PIM1;PROK2;PIM3;SOX9;NTSR1;IER3;PLK3;TSLP;SPHK1;RHBDD1;WNT5A;TENT5B;MMP9;GREM1;BCL2;SPRY2;CRYAB;HSPA1B,Biological_Process
Regulation Of Osteoblast Differentiation ,GO:0045667,12/85,1.0701061290660732e-4,0.003649061900115309,0,0,4.109374441145964,37.57029502571511,GREM1;MEF2C;REST;NOTCH1;TNFAIP6;SOX9;TENT5A;PRKD1;PRKACA;BMPR1B;IL6R;BMP6,Biological_Process
Positive Regulation Of Endothelial Cell Migration ,GO:0010595,12/85,1.0701061290660732e-4,0.003649061900115309,0,0,4.109374441145964,37.57029502571511,FOXC2;EDN1;PDPK1;ZC3H12A;WNT5A;KDR;PRKCA;PROX1;PRKD1;FGF2;THBS1;FGFR1,Biological_Process
Regulation Of Cell Cycle ,GO:0051726,26/298,1.1177983598613988e-4,0.003769805677378717,0,0,2.4087726846057573,21.917372967656785,PPP1R15A;CDKN1A;CDKN1B;CITED2;RPS6KA2;PLAGL1;PIM3;SOX9;PRKACA;JUNB;ZBTB17;JUN;JUND;GADD45B;GADD45A;PROX1;TENT5B;CDK11B;GADD45G;HIPK2;NR4A1;BMP2;CDK7;ZZZ3;IRF1;SIK1,Biological_Process
Aortic Valve Development ,GO:0003176,8/40,1.2870060110363384e-4,0.00429328418246796,0,0,6.23051948051948,55.81312916230565,BMP2;NOTCH1;JAG1;ROCK1;SNAI1;NFATC1;SOX9;TGFBR2,Biological_Process
Regulation Of Endothelial Cell Chemotaxis ,GO:2001026,5/14,1.3131182757736103e-4,0.004333290310052914,0,0,13.808394422883426,123.41854147409448,NOTCH1;NRG1;PRKD1;FGF2;THBS1,Biological_Process
Regulation Of Skeletal Muscle Cell Differentiation ,GO:2001014,4/8,1.403198571471679e-4,0.0045812940594112585,0,0,24.829457364341085,220.276667517786,MEF2C;MYOCD;NR1D2;KLHL41,Biological_Process
Negative Regulation Of Phosphorylation ,GO:0042326,11/75,1.4526200723605096e-4,0.004643889843724761,0,0,4.293065514993481,37.93769760213619,CDKN1A;IMPACT;OCLN;CDKN1B;ROCK1;NTRK3;ZC3H12A;IRS2;INHBA;PTPN13;ZBED3,Biological_Process
Neuron Differentiation ,GO:0030182,18/173,1.452634164214979e-4,0.004643889843724761,0,0,2.9134634974533107,25.7461656289248,EMX1;MEF2C;EMX2;SRF;WNT5A;WNT7A;BHLHA15;INHBA;BHLHE23;WNT16;POU3F2;PBX1;GLI2;NR4A2;ATOH7;DDIT4;LHX5;IER2,Biological_Process
Blood Vessel Endothelial Cell Migration ,GO:0043534,6/22,1.4852425325929868e-4,0.004699184878894719,0,0,9.32933937823834,82.23590895539391,GREM1;NR4A1;SRF;ID1;KDR;FGF2,Biological_Process
Regulation Of Angiogenesis ,GO:0045765,20/205,1.5445766448873684e-4,0.004837046656285034,0,0,2.7151108892533693,23.82670136807236,BTG1;ROCK1;PDPK1;SPHK1;WNT5A;PDE3B;PRKCA;NRG1;HIPK1;KLF4;FGF2;THBS1;PML;HIPK2;ADAMTS1;ZC3H12A;KDR;SPRY2;PRKD1;EPHA2,Biological_Process
Transmembrane Receptor Protein Serine/Threonine Kinase Signaling Pathway ,GO:0007178,15/130,1.6344183194447133e-4,0.005066696790278612,0,0,3.26633996239102,28.47939255088863,JUN;DLX5;TGFB3;SMAD9;INHBA;FOS;GDF5;BMP6;SMAD7;TGFBR2;HIPK2;BMP2;ACVR1C;ID1;BMPR1B,Biological_Process
Cellular Response To Oxidative Stress ,GO:0034599,14/117,1.8194112081794885e-4,0.005528488116735495,0,0,3.4014385197987087,29.29260156401004,JUN;SLC4A11;FOS;FOXO3;WNT16;MMP9;FOXO1;ZFP36L2;MAPK8;SESN2;ZC3H12A;PRKD1;HSPA1B;RBM11,Biological_Process
Positive Regulation Of Protein Serine/Threonine Kinase Activity ,GO:0071902,14/117,1.8194112081794885e-4,0.005528488116735495,0,0,3.4014385197987087,29.29260156401004,MEF2C;EDN1;EDN3;FLT3;NTRK3;WNT5A;PROX1;FGF2;THBS1;EPGN;NTF3;DIPK2A;MAP2K5;FGFR1,Biological_Process
Branching Morphogenesis Of An Epithelial Tube ,GO:0048754,8/42,1.8441929875093288e-4,0.005548851253594246,0,0,5.86340718105424,50.41532572863157,PAK1;COL4A1;KDR;NRARP;FGF2;GLI2;TGFBR2;EPHA2,Biological_Process
Negative Regulation Of Neuron Differentiation ,GO:0045665,6/23,1.943696782502692e-4,0.005791461578156078,0,0,8.780097531240475,75.0325066611879,SOX2;DLX1;DLX2;REST;HES1;SOX9,Biological_Process
Regulation Of Cell Migration ,GO:0030334,33/434,2.043019852508563e-4,0.006028873007066134,0,0,2.079007180036486,17.66306067443556,NOTCH1;CSF1;ROCK1;CITED2;TNC;NEDD9;PRKX;FOXO3;FGF2;THBS1;TTBK2;FGF5;PAK1;NTF3;KDR;HAS2;EDN1;JAG1;SPHK1;NTRK3;RCC2;TET1;PRKCA;MITF;SMAD7;BMP2;SST;SNAI1;NUMB;F2RL1;SPRY2;SGK1;EPHA2,Biological_Process
Positive Regulation Of Angiogenesis ,GO:0045766,14/119,0.00021783174454294009,0.006301001211267731,0,0,3.33630017452007,28.13097446541813,FOXC2;BTG1;PDPK1;SPHK1;WNT5A;PRKCA;HIPK1;KLF4;FGF2;THBS1;HIPK2;ZC3H12A;KDR;PRKD1,Biological_Process
Positive Regulation Of Biomineral Tissue Development ,GO:0070169,8/43,2.189328027235714e-4,0.006301001211267731,0,0,5.695584415584416,47.99524155198942,CEBPB;MEF2C;BMP2;RXRA;ANO6;TENT5A;BMPR1B;BMP6,Biological_Process
Cellular Response To BMP Stimulus ,GO:0071773,10/66,2.196830008490216e-4,0.006301001211267731,0,0,4.456380208333333,37.53753862203738,DLX1;BMP2;DLX5;TGFB3;SMAD9;SOX9;INHBA;BMPR1B;GDF5;BMP6,Biological_Process
Skeletal System Development ,GO:0001501,16/149,2.325364991336222e-4,0.006547289136156757,0,0,3.0136759220886864,25.213809180276144,DLX5;ZBTB16;WNT5A;NPR3;CHD7;PTH1R;PCSK5;BMP6;GLI2;RPS6KA3;GJA1;BMP2;CREB3L2;TLL1;SOX9;FGFR1,Biological_Process
Negative Regulation Of Protein Phosphorylation ,GO:0001933,16/149,2.325364991336222e-4,0.006547289136156757,0,0,3.0136759220886864,25.213809180276144,ERRFI1;CDKN1A;PDPK1;PDE4D;NTRK3;PTPN13;SMAD7;GREM1;OCLN;IMPACT;ZC3H12A;NTF3;SPRY2;TRIB3;TRIB1;ZBED3,Biological_Process
Response To Laminar Fluid Shear Stress ,GO:0034616,4/9,2.447963084547036e-4,0.006664449619821444,0,0,19.8625322997416,165.15862625870022,MAPK7;KLF4;MAP2K5;SMAD7,Biological_Process
Vasoconstriction ,GO:0042310,4/9,2.447963084547036e-4,0.006664449619821444,0,0,19.8625322997416,165.15862625870022,EDN1;EDNRA;EDNRB;EDN3,Biological_Process
Positive Regulation Of Smooth Muscle Contraction ,GO:0045987,4/9,2.447963084547036e-4,0.006664449619821444,0,0,19.8625322997416,165.15862625870022,MYOCD;SPHK1;SRF;PROK2,Biological_Process
Positive Regulation Of Programmed Cell Death ,GO:0043068,22/245,2.453837755098805e-4,0.006664449619821444,0,0,2.4792867819773647,20.609535354716225,JUN;RARG;GADD45B;GADD45A;TGFB3;PAWR;ANO6;NRG1;FOXO3;DUSP6;FOXO1;GADD45G;SFRP4;BMP2;MAPK8;REST;ACVR1C;RPS6KA2;STK17B;BCL2;PMAIP1;PHLDA1,Biological_Process
Positive Regulation Of p38MAPK Cascade ,GO:1900745,6/24,2.506862453383373e-4,0.006748737604766291,0,0,8.291882556131261,68.7505556497446,BMP2;GADD45B;GADD45A;SPHK1;ZC3H12A;GADD45G,Biological_Process
Regulation Of Endothelial Cell Proliferation ,GO:0001936,12/93,2.552490793633964e-4,0.006753098487640202,0,0,3.7019630596654096,30.627342542626675,NR4A1;BMP2;WNT5A;HMGB2;KDR;NRARP;PRKCA;PROX1;PRKD1;APOE;FGF2;THBS1,Biological_Process
Regulation Of Peptidyl-Serine Phosphorylation ,GO:0033135,12/93,2.552490793633964e-4,0.006753098487640202,0,0,3.7019630596654096,30.627342542626675,BCAR3;PAK1;BDNF;PDE4D;NTRK3;NTF3;LIF;SPRY2;CREBL2;PRKD1;STOX1;SMAD7,Biological_Process
Positive Regulation Of Chemotaxis ,GO:0050921,8/44,2.58566751396217e-4,0.006782404786623846,0,0,5.537085137085137,45.738298152487,EDN3;NTRK3;KDR;F2RL1;PRKD1;FGF2;THBS1;IL6R,Biological_Process
Regulation Of Intracellular Signal Transduction ,GO:1902531,25/297,2.6146761593681667e-4,0.006800373841610936,0,0,2.3130517147097884,19.08082648661612,DYRK2;AURKA;PAK1;NUAK2;LBH;KDR;GPAT3;PLK3;PDPK1;SWAP70;NTRK3;WNT5A;PLEKHG6;PTPN13;GDF5;MLF1;HIPK2;NFKBIA;ARHGAP31;TRAF6;ARHGEF3;F2RL1;EZR;SGK1;DIPK2A,Biological_Process
Positive Regulation Of Muscle Hypertrophy ,GO:0014742,5/16,2.684964936078683e-4,0.006924502007416369,0,0,11.29660119957662,92.8882543237027,MEF2A;EDN1;NR4A3;ROCK1;PRKCA,Biological_Process
Cellular Response To Vascular Endothelial Growth Factor Stimulus ,GO:0035924,7/34,2.814863921338861e-4,0.007134415962958962,0,0,6.454580391026565,52.76894726605327,NR4A1;NOTCH1;SPHK1;KDR;GAS1;SPRY2;PRKD1,Biological_Process
Negative Regulation Of Mitotic Cell Cycle ,GO:0045930,7/34,2.814863921338861e-4,0.007134415962958962,0,0,6.454580391026565,52.76894726605327,BTG3;BTG2;BTG1;CDKN1B;GAS1;HECA;ZFP36L2,Biological_Process
Negative Regulation Of Intracellular Signal Transduction ,GO:1902532,21/231,2.8481454926592976e-4,0.007134415962958962,0,0,2.511492734478204,20.503003652604107,DUSP4;DGKG;DUSP5;SLC24A4;DUSP1;PDE4D;PDE3B;DUSP16;MMP9;THBS1;DUSP6;CIT;PER1;NUAK2;RPS6KA1;ZC3H12A;DDIT4;PDE3A;TNFAIP8L1;BCL2;EPHA2,Biological_Process
Regulation Of Cation Channel Activity ,GO:2001257,9/56,2.8593455961028097e-4,0.007134415962958962,0,0,4.774783498879451,38.96102812806919,EDNRA;EDN1;HOMER1;KCNS1;STAC;KCNS2;PDE4D;PRKACA;MMP9,Biological_Process
Central Nervous System Development ,GO:0007417,24/283,3.0857673769944257e-4,0.007637274258061204,0,0,2.3304896408344686,18.838606233559457,EMX1;EGR2;DLX2;ZFHX3;EMX2;ZBTB16;CHD7;SLC2A1;SOX12;JRKL;PROX1;PCDH18;MEIS2;PBX1;NPAS2;SHROOM4;TGFBR2;NR4A2;RPS6KA3;RPS6KA6;COL4A1;DDIT4;SOX9;MELTF,Biological_Process
Positive Regulation Of Epithelial Cell Migration ,GO:0010634,12/95,3.120424049176833e-4,0.007661265125538961,0,0,3.6123816414483,29.160486487424706,FOXC2;EDN1;ZC3H12A;WNT5A;KDR;PRKCA;SOX9;PROX1;PRKD1;FGF2;MMP9;THBS1,Biological_Process
Negative Regulation Of Gene Expression ,GO:0010629,27/336,3.1880756957304205e-4,0.007710533861665962,0,0,2.2005222809716494,17.716235152041765,SUV39H2;BTG2;NOTCH1;CITED2;FGF2;TTBK1;ZFP36L2;AURKA;RPS6KA4;RPS6KA5;CREB3L1;STC2;ZC3H12A;KDR;APOE;STOX1;NUDT12;MEF2C;TIPARP;KLF4;RBL2;OCLN;BMP2;REST;MYCN;REL;HSPA1B,Biological_Process
Activation Of Protein Kinase B Activity ,GO:0032148,6/25,3.190739004338798e-4,0.007710533861665962,0,0,7.855058631033542,63.2339118048398,PDPK1;NTRK3;NTF3;WNT5A;NRG1;ADRA2C,Biological_Process
Endoderm Formation ,GO:0001706,7/35,3.4016429672335265e-4,0.008092745942976506,0,0,6.223735408560311,49.70326026982568,DUSP4;VTN;DUSP5;DUSP1;COL12A1;INHBA;MMP9,Biological_Process
Regulation Of Cardiac Muscle Contraction ,GO:0055117,7/35,3.4016429672335265e-4,0.008092745942976506,0,0,6.223735408560311,49.70326026982568,RGS2;PDE4D;KCNQ1;ZC3H12A;PDE4B;PRKACA;SMAD7,Biological_Process
Regulation Of Protein Metabolic Process ,GO:0051246,12/96,3.442366984178741e-4,0.008126634057265042,0,0,3.569190600522193,28.461372087681163,NFKBIA;EDN1;MAPK8;EDNRB;MAPK7;CSF1;WNT7A;APOE;INHBA;FOXO3;KLF4;MAP2K5,Biological_Process
Regulation Of Mitotic Cell Cycle ,GO:0007346,14/125,3.643047344799853e-4,0.008309851465249955,0,0,3.1549691052308853,24.979530541827906,BTG3;BTG2;BTG1;CDKN1B;SPHK1;PRKCA;CDK11B;MEIS2;AURKA;GAS1;PIM3;HECA;SIK1;SOX9,Biological_Process
Cell Migration Involved In Sprouting Angiogenesis ,GO:0002042,5/17,3.6824366219419805e-4,0.008309851465249955,0,0,10.354678740836569,81.872018841070215,GREM1;NR4A1;SRF;KDR;FGF2,Biological_Process
Negative Regulation Of Vascular Associated Smooth Muscle Cell Proliferation ,GO:1904706,5/17,3.6824366219419805e-4,0.008309851465249955,0,0,10.354678740836569,81.872018841070215,CDKN1A;MEF2C;CDKN1B;TGFB3;PRKG1,Biological_Process
Positive Regulation Of Cardiac Muscle Hypertrophy ,GO:0010613,5/17,3.6824366219419805e-4,0.008309851465249955,0,0,10.354678740836569,81.872018841070215,MEF2A;EDN1;NR4A3;ROCK1;PRKCA,Biological_Process
Positive Regulation Of Cartilage Development ,GO:0061036,5/17,3.6824366219419805e-4,0.008309851465249955,0,0,10.354678740836569,81.872018841070215,BMP2;ZBTB16;SOX9;BMPR1B;GDF5,Biological_Process
Positive Regulation Of Heart Rate ,GO:0010460,5/17,3.6824366219419805e-4,0.008309851465249955,0,0,10.354678740836569,81.872018841070215,EDN1;EDN3;PDE4D;KCNQ1;ADRB1,Biological_Process
Regulation Of Bone Mineralization ,GO:0030500,9/58,3.750368096060426e-4,0.00840137203416748,0,0,4.579416682147501,36.12466611567314,GREM1;MEF2C;BMP2;RXRA;S1PR1;ANO6;TENT5A;BMPR1B;BMP6,Biological_Process
Negative Regulation Of Response To Cytokine Stimulus ,GO:0060761,4/10,3.9544391322882686e-4,0.00873106021366381,0,0,16.551248923341948,129.6873373071267,MAPK7;PALM3;KLF4;MAP2K5,Biological_Process
Positive Regulation Of Chondrocyte Differentiation ,GO:0032332,4/10,3.9544391322882686e-4,0.00873106021366381,0,0,16.551248923341948,129.6873373071267,ZBTB16;SOX9;BMPR1B;GDF5,Biological_Process
cAMP-mediated Signaling ,GO:0019933,6/26,4.012547621190699e-4,0.008775400763424972,0,0,7.461917098445596,58.35901201684396,ADCYAP1;MAPK7;PDE4D;PDE3A;SOX9;PDE7B,Biological_Process
Regulation Of MAPK Cascade ,GO:0043408,19/204,4.031709050644904e-4,0.008775400763424972,0,0,2.575956984652637,20.134066195559303,DUSP4;BCAR3;DUSP5;ROCK1;DUSP1;FLT3;LIF;ADRA2C;FGF2;DUSP16;DUSP6;SOX2;GREM1;PAK1;BMP2;LBH;KDR;EPHA2;FGFR1,Biological_Process
"DNA Damage Response, Signal Transduction By P53 Class Mediator ",GO:0030330,7/36,4.0824771458621473e-4,0.008823325606092204,0,0,6.0088107697124205,46.890574588674426,PLK3;CDKN1A;RPS6KA6;CDKN1B;SESN2;PML;HIPK2,Biological_Process
Positive Regulation Of Smooth Muscle Cell Proliferation ,GO:0048661,8/47,4.139730872608991e-4,0.008884499334291604,0,0,5.110356310356311,39.80819157375693,GJA1;EDN1;JUN;NR4A3;FGF2;THBS1;IL6R;MMP9,Biological_Process
Nervous System Development ,GO:0007399,32/433,4.178249148584904e-4,0.008904893497921578,0,0,2.013304540257934,15.664411438992254,DLX5;CHD7;SLC2A1;CXCL1;JRKL;FGF2;NPAS2;FGF5;RPS6KA3;RPS6KA6;EDNRB;ACVR1C;GBX2;NTF3;BOC;HES1;CHAC1;EMX1;MEF2C;EMX2;EGR2;JAG1;BDNF;ZBTB16;DYRK1A;CABLES1;NRG1;PROX1;INHBA;POU3F2;ZEB2;MELTF,Biological_Process
Aortic Valve Morphogenesis ,GO:0003180,7/37,4.867926881676811e-4,0.0102326490410042,0,0,5.808214440121055,44.303155916228,NOTCH1;JAG1;ROCK1;SNAI1;NFATC1;SOX9;TGFBR2,Biological_Process
Ventricular Septum Development ,GO:0003281,7/37,4.867926881676811e-4,0.0102326490410042,0,0,5.808214440121055,44.303155916228,NOTCH1;CITED2;HES1;PROX1;ZFPM2;SMAD7;TGFBR2,Biological_Process
Regulation Of Epithelial Cell Differentiation ,GO:0030856,5/18,4.936367692261575e-4,0.010305926835068552,0,0,9.557667429594984,72.76931378364591,CEBPB;MAFF;PRKX;SOX9;APOLD1,Biological_Process
Regulation Of Extrinsic Apoptotic Signaling Pathway In Absence Of Ligand ,GO:2001239,6/27,4.990700601208442e-4,0.010348959557505885,0,0,7.106217616580311,54.02689597621661,MAPK7;BCL2;INHBA;MAP2K5;HSPA1B;FGFR1,Biological_Process
Hemopoiesis ,GO:0030097,12/101,5.505893128420795e-4,0.011194687008243984,0,0,3.367794173731921,25.273683364940364,CEBPB;JAG1;FLT3;ZBTB16;WNT5A;KDR;PRKX;INHBA;CDK13;HIPK1;ZFP36L2;TGFBR2,Biological_Process
Endothelin Receptor Signaling Pathway ,GO:0086100,3/5,5.528783160439336e-4,0.011194687008243984,0,0,37.2,279.01386161187804,BCAR3;EDN1;EDNRB,Biological_Process
Positive Regulation Of Extrinsic Apoptotic Signaling Pathway Via Death Domain Receptors ,GO:1902043,3/5,5.528783160439336e-4,0.011194687008243984,0,0,37.2,279.01386161187804,PMAIP1;TIMP3;THBS1,Biological_Process
Intrinsic Apoptotic Signaling Pathway In Response To DNA Damage ,GO:0008630,8/49,5.544452346865707e-4,0.011194687008243984,0,0,4.860563826417485,36.442283965909695,DYRK2;DDIT4;BCL2;HIPK1;HIC1;PML;EPHA2;HIPK2,Biological_Process
Positive Regulation Of Bone Mineralization ,GO:0030501,7/38,5.76919358319157e-4,0.011572323599225444,0,0,5.620559809213003,41.91705625530462,MEF2C;BMP2;RXRA;ANO6;TENT5A;BMPR1B;BMP6,Biological_Process
Regulation Of ERK1 And ERK2 Cascade ,GO:0070372,21/244,5.906630019225436e-4,0.011699543267837922,0,0,2.3634656509350696,17.570629778150987,DDR1;DUSP4;NOTCH1;NTRK3;PRKCA;NRG1;FGF2;DUSP6;ADCYAP1;RPS6KA6;BMP2;KDR;TIMP3;F2RL1;ACKR3;SPRY2;SPRY1;APOE;EZR;PDE8A;EPHA2,Biological_Process
Protein Autophosphorylation ,GO:0046777,16/162,5.959414627915921e-4,0.011699543267837922,0,0,2.74346528601733,20.37123965258531,DDR1;FLT3;PDPK1;DYRK1A;PRKX;AURKA;PAK1;PEAK1;STK17B;KDR;PIM1;PIM3;SIK1;PRKD1;CDK12;FGFR1,Biological_Process
Negative Regulation Of Fibrinolysis ,GO:0051918,4/11,6.023225273113039e-4,0.011699543267837922,0,0,14.186046511627907,105.18552727550588,VTN;NRG1;PLAT;THBS1,Biological_Process
Positive Regulation Of Behavior ,GO:0048520,4/11,6.023225273113039e-4,0.011699543267837922,0,0,14.186046511627907,105.18552727550588,MEF2C;NR4A3;CRH;NPAS2,Biological_Process
Positive Regulation Of Vascular Permeability ,GO:0043117,4/11,6.023225273113039e-4,0.011699543267837922,0,0,14.186046511627907,105.18552727550588,OCLN;PDE3A;BMP6;TJP2,Biological_Process
Regulation Of Fat Cell Differentiation ,GO:0045598,10/75,6.305763514537239e-4,0.012171313349757726,0,0,3.837540064102564,28.278358079381626,CEBPB;BMP2;BBS12;ZBTB16;ZC3H12A;WNT5A;TRIB3;CREBL2;FOXO1;ZFP36L2,Biological_Process
Cardiac Epithelial To Mesenchymal Transition ,GO:0060317,5/19,6.486199911380399e-4,0.012364066787594065,0,0,8.874514877102198,65.14482781645678,BMP2;NOTCH1;SNAI1;HAS2;SPRY1,Biological_Process
Intrinsic Apoptotic Signaling Pathway In Response To DNA Damage By P53 Class Mediator ,GO:0042771,5/19,6.486199911380399e-4,0.012364066787594065,0,0,8.874514877102198,65.14482781645678,DYRK2;DDIT4;HIPK1;PML;HIPK2,Biological_Process
Cellular Response To Chemical Stress ,GO:0062197,11/89,6.622030151544494e-4,0.012545068231537069,0,0,3.5199411627051784,25.765752410900877,MAPK8;SESN2;ZC3H12A;SLC4A11;PRKD1;FOXO3;FOXO1;ZFP36L2;STOX1;HSPA1B;RBM11,Biological_Process
Positive Regulation Of Protein Metabolic Process ,GO:0051247,18/196,6.6919888716764e-4,0.012599824446119552,0,0,2.5339444115907748,18.521687404472143,CDKN1B;CSF1;TIPARP;WNT5A;SAMD4A;WNT7A;INHBA;TENT5B;KLF4;THBS1;FOXO1;NFKBIA;SLC25A37;MAPK8;MAPK7;APOE;EZR;MAP2K5,Biological_Process
Positive Regulation Of Vasculature Development ,GO:1904018,12/104,7.182524084185628e-4,0.013440955130710789,0,0,3.257463957316381,23.579770167043858,BTG1;PDPK1;SPHK1;ZC3H12A;WNT5A;KDR;PRKCA;PRKD1;HIPK1;FGF2;THBS1;HIPK2,Biological_Process
Regulation Of Phosphatidylinositol 3-Kinase Signaling ,GO:0014066,11/90,7.28424027377537e-4,0.013517445608337016,0,0,3.475203406334065,25.107049138824628,DDR1;FLT3;NTRK3;KDR;F2RL1;SOX9;WNT16;DIPK2A;PTPN13;FGF2;FGFR1,Biological_Process
Negative Regulation Of MAP Kinase Activity ,GO:0043407,8/51,7.311488989846675e-4,0.013517445608337016,0,0,4.634007852612504,33.46167684255542,RGS2;BMP2;DUSP1;SPRY4;SPRY2;SPRY1;APOE;DUSP16,Biological_Process
Chondrocyte Differentiation ,GO:0002062,6/29,7.495401460720185e-4,0.013611471646716122,0,0,6.487609822031989,46.68516905876286,MEF2C;BMP2;CREB3L2;WNT7A;SOX9;BMPR1B,Biological_Process
Response To Steroid Hormone ,GO:0048545,6/29,7.495401460720185e-4,0.013611471646716122,0,0,6.487609822031989,46.68516905876286,PAQR7;TGFB3;ATP1A1;NR3C1;THBS1;HSPA1B,Biological_Process
Regulation Of Blood Coagulation ,GO:0030193,6/29,7.495401460720185e-4,0.013611471646716122,0,0,6.487609822031989,46.68516905876286,VTN;EDN1;F2RL1;NRG1;APOE;THBS1,Biological_Process
Intrinsic Apoptotic Signaling Pathway ,GO:0097193,12/105,7.828457616196498e-4,0.014132668484768856,0,0,3.222269013728628,23.047520356702464,PPP1R15A;CDKN1A;CEBPB;BCL2;PMAIP1;TRIB3;CHAC1;HIC1;PML;PDK1;EPHA2;HIPK2,Biological_Process
Negative Regulation Of Signal Transduction ,GO:0009968,22/267,7.942784664563899e-4,0.014133613268803549,0,0,2.254043839758125,16.089537238082478,RNF43;BDNF;PALM3;SPRY4;NRARP;NRG1;PTPN12;FGF2;THBS1;HIC1;NR4A2;SFRP4;TSPAN15;RGS2;BMP2;KCTD21;CREB3L1;BCL2;SPRY2;SPRY1;CHAC1;TRIB1,Biological_Process
Cyclic-Nucleotide-Mediated Signaling ,GO:0019935,7/40,7.967139444454264e-4,0.014133613268803549,0,0,5.279369571198365,37.66838033652331,ADCYAP1;MAPK7;PDE4D;PDE3A;APOE;SOX9;PDE7B,Biological_Process
Negative Regulation Of Cell-Cell Adhesion ,GO:0022408,7/40,7.967139444454264e-4,0.014133613268803549,0,0,5.279369571198365,37.66838033652331,BMP2;NOTCH1;MAPK7;JAG1;KLF4;MAP2K5;BMP6,Biological_Process
Cartilage Development ,GO:0051216,8/52,8.350853631352063e-4,0.014437018887331178,0,0,4.528453364817001,32.0975715158901,MEF2C;BMP2;ZBTB16;CREB3L2;WNT7A;SOX9;FGF2;GDF5,Biological_Process
Sprouting Angiogenesis ,GO:0002040,8/52,8.350853631352063e-4,0.014437018887331178,0,0,4.528453364817001,32.0975715158901,GREM1;NR4A1;SRF;KDR;RSPO3;NRARP;FGF2;THBS1,Biological_Process
Regulation Of Smooth Muscle Contraction ,GO:0006940,5/20,8.373376871765884e-4,0.014437018887331178,0,0,8.282449331608452,58.683498436566325,MYOCD;CTTN;SPHK1;SRF;PROK2,Biological_Process
Positive Regulation Of Vascular Associated Smooth Muscle Cell Proliferation ,GO:1904707,5/20,8.373376871765884e-4,0.014437018887331178,0,0,8.282449331608452,58.683498436566325,JUN;GJA1;NR4A3;FGF2;MMP9,Biological_Process
Regulation Of Cardiac Muscle Cell Proliferation ,GO:0060043,5/20,8.373376871765884e-4,0.014437018887331178,0,0,8.282449331608452,58.683498436566325,MEF2C;NOTCH1;PIM1;ZFPM2;FGF2,Biological_Process
Negative Regulation Of Coagulation ,GO:0050819,4/12,8.757666684738258e-4,0.015015239695788668,0,0,12.412144702842378,87.38659839526787,PROCR;VTN;EDN1;APOE,Biological_Process
Visual System Development ,GO:0150063,7/41,9.289341967715872e-4,0.015838328054955563,0,0,5.123826962691691,35.77185782377043,SOX2;MAB21L1;HIPK1;BMPR1B;MEIS2;PBX1;HIPK2,Biological_Process
Blood Vessel Morphogenesis ,GO:0048514,8/53,9.505537387921704e-4,0.016117400134547908,0,0,4.427590187590187,30.809235163483645,COL4A1;ID1;KDR;HAS2;HES1;PROX1;TGFBR2;SMAD7,Biological_Process
Endocardial Cushion Morphogenesis ,GO:0003203,5/21,0.0010641085730420728,0.017419932267236756,0,0,7.764391979301423,53.15206033516914,ADAMTS5;BMP2;NOTCH1;SOX9;TGFBR2,Biological_Process
Cellular Response To Laminar Fluid Shear Stress ,GO:0071499,3/6,0.0010737465726890637,0.017419932267236756,0,0,24.798709677419357,169.5388902381483,MAPK7;KLF4;MAP2K5,Biological_Process
Vascular Associated Smooth Muscle Contraction ,GO:0014829,3/6,0.0010737465726890637,0.017419932267236756,0,0,24.798709677419357,169.5388902381483,EDNRA;EDNRB;EDN3,Biological_Process
Negative Regulation Of Catecholamine Secretion ,GO:0033604,3/6,0.0010737465726890637,0.017419932267236756,0,0,24.798709677419357,169.5388902381483,SYT4;CRH;ADRA2C,Biological_Process
Cardiac Ventricle Morphogenesis ,GO:0003208,7/42,0.0010778377627017706,0.017419932267236756,0,0,4.977172503242542,34.0080158998052,MEF2C;NOTCH1;JAG1;NPY2R;PROX1;SMAD7;TGFBR2,Biological_Process
Skeletal Muscle Tissue Development ,GO:0007519,7/42,0.0010778377627017706,0.017419932267236756,0,0,4.977172503242542,34.0080158998052,ZBTB18;EGR2;MEF2C;MSC;BVES;KLHL41;MYORG,Biological_Process
Regulation Of Myoblast Differentiation ,GO:0045661,8/54,0.0010784578464564953,0.017419932267236756,0,0,4.331112365894975,29.59112629384216,MEF2C;AKIRIN1;BTG1;NOTCH1;BOC;DPF3;SOX9;KLHL41,Biological_Process
Mesenchymal Cell Differentiation ,GO:0048762,8/54,0.0010784578464564953,0.017419932267236756,0,0,4.331112365894975,29.59112629384216,MEF2C;BMP2;NOTCH1;ROCK1;WNT5A;SNAI1;SOX9;FGFR1,Biological_Process
Positive Regulation Of Leukocyte Chemotaxis ,GO:0002690,8/54,0.0010784578464564953,0.017419932267236756,0,0,4.331112365894975,29.59112629384216,AKIRIN1;CSF1;EDN3;NEDD9;F2RL1;ANO6;IL6R;THBS1,Biological_Process
Positive Regulation Of Transmembrane Receptor Protein Serine/Threonine Kinase Signaling Pathway ,GO:0090100,11/95,0.001147545361102364,0.01843883095928353,0,0,3.267492394611039,22.121348567965004,ZEB2;BMP2;NOTCH1;CITED2;TGFB3;INHBA;THBS1;GDF5;BMP6;TGFBR2;HIPK2,Biological_Process
Secondary Palate Development ,GO:0062009,4/13,0.001226241352161781,0.019499143574012983,0,0,11.032443296009188,73.95931101278,TGFB3;WNT5A;WNT7A;TGFBR2,Biological_Process
Negative Regulation Of Cell Migration Involved In Sprouting Angiogenesis ,GO:0090051,4/13,0.001226241352161781,0.019499143574012983,0,0,11.032443296009188,73.95931101278,NOTCH1;KLF4;THBS1;MAP2K5,Biological_Process
Negative Regulation Of Transmembrane Receptor Protein Serine/Threonine Kinase Signaling Pathway ,GO:0090101,12/111,0.0012806561338646009,0.02023172235292011,0,0,3.026030540390854,20.154521545031912,GREM1;DLX1;BMP2;NOTCH1;TNFAIP6;PDPK1;PRDM16;TET1;SPRY2;SPRY1;SMAD7;HIPK2,Biological_Process
Positive Regulation Of Multicellular Organismal Process ,GO:0051240,28/387,0.0012854955551708771,0.02023172235292011,0,0,1.9616118848653668,13.0576872288103,CEBPB;ROCK1;EPAS1;ADRB1;FGF2;MC4R;GJA1;PRDM16;CFL1;SOX9;APOE;ZBED3;TGFB3;ZBTB16;WNT5A;TET1;PRKCA;GPR3;INHBA;GADD45G;TGFBR2;ADCYAP1;BMP2;REST;SNAI1;CRH;F2RL1;BMPR1B,Biological_Process
Negative Regulation Of Fat Cell Differentiation ,GO:0045599,6/32,0.001294886499153006,0.02027554421377844,0,0,5.738142686329215,38.15481712241286,BMP2;BBS12;WNT5A;TRIB3;FOXO1;ZFP36L2,Biological_Process
Fc-epsilon Receptor Signaling Pathway ,GO:0038095,5/22,0.0013333992975207434,0.020772601239041427,0,0,7.307282550795221,48.37438392179183,MAPK10;MAPK8;MAP3K1;NR4A3;TRAF6,Biological_Process
Positive Regulation Of Phosphatidylinositol 3-Kinase Signaling ,GO:0014068,9/69,0.0013655379603763145,0.021165838385832875,0,0,3.7377113133940174,24.65471684845417,DDR1;FLT3;NTRK3;KDR;F2RL1;SOX9;WNT16;FGF2;FGFR1,Biological_Process
Regulation Of Cell Growth ,GO:0001558,19/227,0.0014643216228819437,0.02258292995288786,0,0,2.2883475220431744,14.93458705623886,CDKN1A;BTG1;CDKN1B;CISH;SPHK1;TNC;NRG1;INHBA;CDK11B;PML;RPS6KA3;GJA1;RPS6KA1;SESN2;BCL2;MELTF;SGK1;TEAD1;HSPA1B,Biological_Process
MAPK Cascade ,GO:0000165,11/98,0.0014826825123233677,0.02274275701487285,0,0,3.1543257054653897,20.54696954187718,MEF2A;DUSP5;MEF2C;MAPK8;PAK1;KDR;SOX9;ZFP36L2;MAP2K5;DUSP6;FGFR1,Biological_Process
Regulation Of Cell Adhesion ,GO:0030155,14/144,0.0014895060801529626,0.02274275701487285,0,0,2.6911800241643173,17.51772693717216,ZFHX3;PPP1R12A;ROCK1;DUSP1;PDE3B;TNC;PRKCA;NRG1;PRKX;GPR4;VTN;TGFBI;CYTIP;EPHA2,Biological_Process
Epithelial Tube Morphogenesis ,GO:0060562,6/33,0.0015312572013073812,0.023264496786199768,0,0,5.525331030512378,35.81335127812882,PAK1;MEF2C;COL4A1;PRKX;HES1;GLI2,Biological_Process
Apoptotic Process ,GO:0006915,19/228,0.0015409202717004305,0.023295981841618824,0,0,2.277278716013894,14.746234717833078,PPP1R15A;PLK3;CSRNP1;GADD45A;ZBTB16;EMP1;PAWR;CDK11B;FOXO1;CIT;AKAP1;TGFBR2;NFKBIA;PLAGL1;IRF1;DDIT4;BCL2;PMAIP1;IER3,Biological_Process
Positive Regulation Of Protein Kinase Activity ,GO:0045860,14/145,0.001591218583811171,0.023938479577041587,0,0,2.67049678270253,17.206692151880002,EGR1;CALCA;CDKN1A;CSF1;NEDD9;MMD2;TTBK1;TGFBR2;ADCYAP1;GPRC5B;TRAF6;DOK7;IL6R;STOX1,Biological_Process
Regulation Of Cell Junction Assembly ,GO:1901888,5/23,0.0016497977639528098,0.02455517702365882,0,0,6.900963058789708,44.215178121035066,MEF2C;ROCK1;SNAI1;PDLIM5;PRKACA,Biological_Process
Regulation Of Macrophage Differentiation ,GO:0045649,4/14,0.001664215321251559,0.02455517702365882,0,0,9.928682170542636,63.52769534144176,CSF1;LIF;PRKCA;INHBA,Biological_Process
Hyaluronan Metabolic Process ,GO:0030212,4/14,0.001664215321251559,0.02455517702365882,0,0,9.928682170542636,63.52769534144176,TNFAIP6;HAS1;HAS2;FGF2,Biological_Process
Positive Regulation Of Endothelial Cell Chemotaxis ,GO:2001028,4/14,0.001664215321251559,0.02455517702365882,0,0,9.928682170542636,63.52769534144176,KDR;PRKD1;FGF2;FGFR1,Biological_Process
Regulation Of Mesenchymal Stem Cell Differentiation ,GO:2000739,3/7,0.001824766716207692,0.02604748396298329,0,0,18.598064516129032,117.28503241149184,REST;SLC4A11;SOX9,Biological_Process
Atrial Cardiac Muscle Cell To AV Node Cell Signaling ,GO:0086026,3/7,0.001824766716207692,0.02604748396298329,0,0,18.598064516129032,117.28503241149184,GJC1;GJA1;KCNQ1,Biological_Process
Regulation Of Positive Chemotaxis ,GO:0050926,3/7,0.001824766716207692,0.02604748396298329,0,0,18.598064516129032,117.28503241149184,NTRK3;KDR;F2RL1,Biological_Process
Cellular Response To Epinephrine Stimulus ,GO:0071872,3/7,0.001824766716207692,0.02604748396298329,0,0,18.598064516129032,117.28503241149184,KCNQ1;PDE4B;PRKACA,Biological_Process
Response To Epinephrine ,GO:0071871,3/7,0.001824766716207692,0.02604748396298329,0,0,18.598064516129032,117.28503241149184,KCNQ1;PDE4B;PRKACA,Biological_Process
Lens Fiber Cell Development ,GO:0070307,3/7,0.001824766716207692,0.02604748396298329,0,0,18.598064516129032,117.28503241149184,WNT7A;PROX1;EPHA2,Biological_Process
Positive Regulation Of Cardiac Epithelial To Mesenchymal Transition ,GO:0062043,3/7,0.001824766716207692,0.02604748396298329,0,0,18.598064516129032,117.28503241149184,JAG1;NOTCH1;TGFBR2,Biological_Process
Cellular Response To Hypoxia ,GO:0071456,9/72,0.0018497915325290635,0.02628245469135045,0,0,3.5591677503250976,22.396712016819816,SUV39H2;PLK3;NOTCH1;EPAS1;PMAIP1;AK4;PTGS2;STOX1;HIPK2,Biological_Process
Positive Regulation Of Protein Binding ,GO:0032092,8/59,0.0019386972656698811,0.027418718471616893,0,0,3.9054749172396233,24.39257717601981,VTN;BMP2;BDNF;TRIB3;APOE;MMP9;ADD2;HIPK2,Biological_Process
ERK1 And ERK2 Cascade ,GO:0070371,5/24,0.00201798648873208,0.0284091767610952,0,0,6.5374140396268805,40.568936464959705,DUSP5;KDR;SOX9;DUSP6;ZFP36L2,Biological_Process
DNA-templated Transcription ,GO:0006351,17/199,0.0020483899878067525,0.02870551996611381,0,0,2.337005963812797,14.467705545590857,MEF2A;GMEB2;HSF2BP;CREBL2;ETV1;SPTY2D1;FOXO3;MLF1;ZFP36L2;NR4A2;CDK7;MAF;SNAPC2;NFE2L3;MTERF1;CDK12;TEFM,Biological_Process
Intrinsic Apoptotic Signaling Pathway By P53 Class Mediator ,GO:0072332,6/35,0.002100909096380769,0.029307681894511727,0,0,5.143737716633911,31.71312400446926,DYRK2;DDIT4;PMAIP1;HIPK1;PML;HIPK2,Biological_Process
Negative Regulation Of Cellular Process ,GO:0048523,35/537,0.00211178124375443,0.029326048131594323,0,0,1.756634297265849,10.821259872371629,BTG3;BTG2;CDKN1A;RARG;BTG1;CDKN1B;NOTCH1;PDE3B;CXCL1;THBS1;GJA1;ADAMTS1;RPS6KA2;SESN2;JAM2;ZBTB17;MYOCD;DUSP1;TGFB3;NRG1;PROX1;INHBA;TENT5B;WNT16;HOPX;PML;SFRP4;NR4A1;BMP2;REST;SST;IRF1;TGFBI;CRYAB;HSPA1B,Biological_Process
Epithelial To Mesenchymal Transition ,GO:0001837,7/47,0.00212428445014772,0.02936679719596105,0,0,4.353891050583657,26.795239913995182,BMP2;NOTCH1;ROCK1;WNT5A;SNAI1;SOX9;FGFR1,Biological_Process
Regulation Of Protein Binding ,GO:0043393,12/118,0.002166499598157573,0.029816086397962297,0,0,2.825163801172472,17.331369930531295,VTN;BMP2;CDKN1A;MAPK8;ROCK1;XIRP1;TRIB3;PRKACA;TTBK1;ADD2;AURKA;HIPK2,Biological_Process
Negative Regulation Of Protein Processing ,GO:0010955,4/15,0.0022000501875839157,0.029875902768562106,0,0,9.025604886070004,55.23015929898816,GAS1;PLAT;CHAC1;THBS1,Biological_Process
Regulation Of Amyloid-Beta Clearance ,GO:1900221,4/15,0.0022000501875839157,0.029875902768562106,0,0,9.025604886070004,55.23015929898816,MYOCD;ROCK1;SRF;APOE,Biological_Process
Regulation Of Bicellular Tight Junction Assembly ,GO:2000810,4/15,0.0022000501875839157,0.029875902768562106,0,0,9.025604886070004,55.23015929898816,ROCK1;SNAI1;PRKACA;EPHA2,Biological_Process
Gland Development ,GO:0048732,9/74,0.0022425825677295664,0.03031932114696933,0,0,3.449294788436531,21.04113677076886,SOX2;CITED2;TGFB3;NRG1;HES1;SOX9;PROX1;EZR;GLI2,Biological_Process
Positive Regulation Of Peptidyl-Serine Phosphorylation ,GO:0033138,10/89,0.0023790424477895247,0.03176566177766841,0,0,3.155162183544304,19.06051524221578,BCAR3;PAK1;BDNF;NTRK3;NTF3;LIF;SPRY2;CREBL2;PRKD1;STOX1,Biological_Process
Negative Regulation Of ERK1 And ERK2 Cascade ,GO:0070373,7/48,0.002405006504208571,0.03176566177766841,0,0,4.247477144032141,25.61314801884976,DUSP4;RPS6KA6;TIMP3;SPRY2;SPRY1;EZR;DUSP6,Biological_Process
Regulation Of DNA Binding ,GO:0051101,7/48,0.002405006504208571,0.03176566177766841,0,0,4.247477144032141,25.61314801884976,NFKBIA;MAPK8;JUN;DOT1L;HMGB2;HES1;MMP9,Biological_Process
BMP Signaling Pathway ,GO:0030509,8/61,0.0024054772847676275,0.03176566177766841,0,0,3.7577064444988975,22.658995938469904,BMP2;DLX5;TGFB3;SMAD9;INHBA;BMPR1B;GDF5;BMP6,Biological_Process
Regulation Of Pathway-Restricted SMAD Protein Phosphorylation ,GO:0060393,8/61,0.0024054772847676275,0.03176566177766841,0,0,3.7577064444988975,22.658995938469904,GREM1;BMP2;TGFB3;INHBA;GDF5;BMP6;TGFBR2;SMAD7,Biological_Process
Blood Vessel Diameter Maintenance ,GO:0097746,6/36,0.002439442534220469,0.03176566177766841,0,0,4.972020725388601,29.91160575986181,EDNRA;EDN1;EDNRB;ROCK1;EDN3;F2RL1,Biological_Process
Regulation Of Chondrocyte Differentiation ,GO:0032330,5/25,0.002442716252697864,0.03176566177766841,0,0,6.210219922380336,37.35226597263437,GREM1;ZBTB16;SOX9;BMPR1B;GDF5,Biological_Process
Positive Regulation Of Striated Muscle Cell Differentiation ,GO:0051155,5/25,0.002442716252697864,0.03176566177766841,0,0,6.210219922380336,37.35226597263437,EDN1;MEF2C;MYOCD;NRG1;PROX1,Biological_Process
Regulation Of Biomineral Tissue Development ,GO:0070167,5/25,0.002442716252697864,0.03176566177766841,0,0,6.210219922380336,37.35226597263437,CEBPB;NOTCH1;ROCK1;S1PR1;SOX9,Biological_Process
Positive Regulation Of Stress-Activated MAPK Cascade ,GO:0032874,11/105,0.0025823308376677324,0.033439549961191015,0,0,2.9183611195872285,17.390697366918612,BMP2;GADD45B;GADD45A;SPHK1;TRAF6;ZC3H12A;WNT7A;F2RL1;WNT16;GADD45G;HIPK2,Biological_Process
Positive Regulation Of Cell Motility ,GO:2000147,18/221,0.002596215920717453,0.03347809521294901,0,0,2.21896551724138,13.211055686123444,EDN1;NOTCH1;CSF1;SPHK1;NTRK3;NEDD9;PRKCA;THBS1;PAK1;BMP2;NTF3;KDR;SNAI1;NUMB;HAS2;F2RL1;SPRY2;EPHA2,Biological_Process
Fat Cell Differentiation ,GO:0045444,8/62,0.0026696645311659606,0.03428117341484658,0,0,3.687926887926888,21.853926218219737,NR4A2;NR4A1;EGR2;NR4A3;PRDM16;ZFPM2;KLF4;FOXO1,Biological_Process
Positive Regulation Of Binding ,GO:0051099,10/91,0.0028057804110080456,0.03519331335707272,0,0,3.076935442386832,18.080298990561143,VTN;HMBOX1;BMP2;HMGB2;TRIB3;HES1;APOE;MMP9;ADD2;HIPK2,Biological_Process
Negative Regulation Of cAMP-mediated Signaling ,GO:0043951,3/8,0.0028354401198111075,0.03519331335707272,0,0,14.87767741935484,87.26588142673744,PDE4D;PDE3B;PDE3A,Biological_Process
Regulation Of DNA-templated Transcription Initiation ,GO:2000142,3/8,0.0028354401198111075,0.03519331335707272,0,0,14.87767741935484,87.26588142673744,FOSL1;JUN;MITF,Biological_Process
Regulation Of Fibrinolysis ,GO:0051917,4/16,0.002843904109662441,0.03519331335707272,0,0,8.273040482342807,48.501340858688856,VTN;NRG1;PLAT;THBS1,Biological_Process
Cell Surface Receptor Signaling Pathway Involved In Heart Development ,GO:0061311,4/16,0.002843904109662441,0.03519331335707272,0,0,8.273040482342807,48.501340858688856,BMP2;JAG1;NOTCH1;SNAI1,Biological_Process
Regulation Of Response To Cytokine Stimulus ,GO:0060759,4/16,0.002843904109662441,0.03519331335707272,0,0,8.273040482342807,48.501340858688856,MAPK7;WNT5A;KLF4;MAP2K5,Biological_Process
Positive Regulation Of Cell Migration Involved In Sprouting Angiogenesis ,GO:0090050,4/16,0.002843904109662441,0.03519331335707272,0,0,8.273040482342807,48.501340858688856,FOXC2;KDR;PTGS2;FGF2,Biological_Process
Positive Regulation Of Positive Chemotaxis ,GO:0050927,4/16,0.002843904109662441,0.03519331335707272,0,0,8.273040482342807,48.501340858688856,NTRK3;NTF3;KDR;F2RL1,Biological_Process
Protein Kinase A Signaling ,GO:0010737,4/16,0.002843904109662441,0.03519331335707272,0,0,8.273040482342807,48.501340858688856,EDNRA;EZR;PRKACA;PRKACB,Biological_Process
Intracellular Calcium Ion Homeostasis ,GO:0006874,13/139,0.0030464848806756872,0.03745796203866415,0,0,2.5754538852578066,14.921579347042863,CALCA;EDN1;SLC24A4;CALCB;TRPC6;EDN3;MCUB;PTH1R;PML;EDNRA;STC2;BCL2;PRKACA,Biological_Process
Positive Regulation Of Fat Cell Differentiation ,GO:0045600,7/50,0.003051316555772576,0.03745796203866415,0,0,4.049497783006063,23.45542866937818,CEBPB;BMP2;ZBTB16;ZC3H12A;PIM1;CREBL2;PTGS2,Biological_Process
Enzyme-Linked Receptor Protein Signaling Pathway ,GO:0007167,12/124,0.003276695915285361,0.0400644612111983,0,0,2.672976501305483,15.291883943194996,DDR1;CSF1;BDNF;FLT3;NTRK3;NTF3;KDR;LIF;BLNK;NEDD9;EPHA2;FGFR1,Biological_Process
Positive Regulation Of Ras Protein Signal Transduction ,GO:0046579,7/51,0.003420435191532208,0.04165601429687439,0,0,3.95725739889164,22.469257993812423,RTN4R;NOTCH1;LPAR6;ARHGEF3;F2RL1;MMD2;GPR4,Biological_Process
Cellular Response To Epidermal Growth Factor Stimulus ,GO:0071364,5/27,0.0034809890139189587,0.04195821993558635,0,0,5.645066447136305,31.953553293684138,PDPK1;SOX9;PTPN12;PDE8A;ZFP36L2,Biological_Process
Positive Regulation Of Mitotic Cell Cycle ,GO:0045931,5/27,0.0034809890139189587,0.04195821993558635,0,0,5.645066447136305,31.953553293684138,SPHK1;HES1;PRKCA;MEIS2;AURKA,Biological_Process
Neuron Projection Development ,GO:0031175,16/192,0.0034965666234104105,0.04195821993558635,0,0,2.2722500596516344,12.85178670602114,BTG2;ROCK1;BDNF;OMG;WNT7A;BHLHA15;OLIG2;BHLHE23;ATOH7;GPRIN2;PAK1;CTTN;NTF3;APOE;SGK1;PACSIN1,Biological_Process
Response To Cytokine ,GO:0034097,12/125,0.0034999362344444785,0.04195821993558635,0,0,2.649183206636013,14.98115892779096,CH25H;GCH1;FLT3;SPHK1;TRAF6;SRF;BCL2;REL;TIMP3;PRKCA;IL6R;PML,Biological_Process
"DNA Damage Response, Signal Transduction By P53 Class Mediator Resulting In Cell Cycle Arrest ",GO:0006977,4/17,0.00360564873285873,0.04239745578982162,0,0,7.636255217650566,42.95587193061886,PLK3;CDKN1A;CDKN1B;PML,Biological_Process
Aorta Morphogenesis ,GO:0035909,4/17,0.00360564873285873,0.04239745578982162,0,0,7.636255217650566,42.95587193061886,JAG1;PROX1;ADAMTS9;TGFBR2,Biological_Process
Cellular Response To Glucocorticoid Stimulus ,GO:0071385,4/17,0.00360564873285873,0.04239745578982162,0,0,7.636255217650566,42.95587193061886,REST;KLF9;NR3C1;ZFP36L2,Biological_Process
Positive Regulation Of Glial Cell Differentiation ,GO:0045687,4/17,0.00360564873285873,0.04239745578982162,0,0,7.636255217650566,42.95587193061886,EGR2;BMP2;NOTCH1;HES1,Biological_Process
Regulation Of Cartilage Development ,GO:0061035,4/17,0.00360564873285873,0.04239745578982162,0,0,7.636255217650566,42.95587193061886,BMP2;ZBTB16;SOX9;BMPR1B,Biological_Process
Negative Regulation Of Cell-Substrate Adhesion ,GO:0010812,6/39,0.003702491947049086,0.04310064875590943,0,0,4.519312293923693,25.30249603062845,NOTCH1;JAG1;RCC2;SPRY4;MELTF;THBS1,Biological_Process
Response To Lipid ,GO:0033993,11/110,0.003712829384565519,0.04310064875590943,0,0,2.7702448210922785,15.50218213351412,RPS6KA3;RARG;PAQR7;RXRA;GCH1;PALM3;HMGB2;SOX9;TRIB1;FOXO3;FOXO1,Biological_Process
Extracellular Matrix Organization ,GO:0030198,15/176,0.003734950124349179,0.04310064875590943,0,0,2.327483047467092,13.010678679746407,COL11A1;COL12A1;NID2;MMP9;GREM1;ADAMTS5;MMP11;COL4A1;ADAMTS1;CREB3L1;HAS1;HAS2;TLL1;TGFBI;ADAMTS9,Biological_Process
Cellular Response To Starvation ,GO:0009267,12/126,0.003735283282395632,0.04310064875590943,0,0,2.6258073381888143,14.67808346230771,CDKN1A;IMPACT;MAPK8;NUAK2;WDR45B;SESN2;ZC3H12A;PMAIP1;BHLHA15;PRKD1;FOXO3;FOXO1,Biological_Process
Response To Lipopolysaccharide ,GO:0032496,14/159,0.003735670436321899,0.04310064875590943,0,0,2.410886441595956,13.47644047694446,CXCL6;MEF2C;GCH1;WNT5A;PALM3;HMGB2;CXCL1;RPS6KA3;MAPK8;SHPK;TRAF6;ZC3H12A;PDE4B;TRIB1,Biological_Process
Positive Regulation Of Transferase Activity ,GO:0051347,13/143,0.00389118446106648,0.044726760715404594,0,0,2.495686274509804,13.848667154945728,DDR1;GINS2;PARM1;FLT3;NTRK3;KLF4;GREM1;HMBOX1;KDR;TRIB3;APOE;EPHA2;FGFR1,Biological_Process
Regulation Of Transforming Growth Factor Beta Receptor Signaling Pathway ,GO:0017015,11/111,0.003980369022821844,0.04558116616059791,0,0,2.742398956975228,15.155540790063869,BMP2;ZEB2;CITED2;PDPK1;PRDM16;TET1;SPRY2;SPRY1;THBS1;SMAD7;HIPK2,Biological_Process
Negative Regulation Of Wound Healing ,GO:0061045,5/28,0.004104145985449582,0.0462676159258879,0,0,5.399347544856291,29.6735053059974,VTN;EDN1;APOE;FGF2;PHLDB2,Biological_Process
High-Density Lipoprotein Particle Assembly ,GO:0034380,3/9,0.00413076792560876,0.0462676159258879,0,0,12.397419354838709,68.05305427631832,APOE;PRKACA;PRKACB,Biological_Process
Muscle Cell Migration ,GO:0014812,3/9,0.00413076792560876,0.0462676159258879,0,0,12.397419354838709,68.05305427631832,DDR1;ROCK1;PLAT,Biological_Process
Negative Regulation Of Heterotypic Cell-Cell Adhesion ,GO:0034115,3/9,0.00413076792560876,0.0462676159258879,0,0,12.397419354838709,68.05305427631832,MAPK7;KLF4;MAP2K5,Biological_Process
Negative Regulation Of Hormone Secretion ,GO:0046888,3/9,0.00413076792560876,0.0462676159258879,0,0,12.397419354838709,68.05305427631832,GJA1;RAB11FIP1;LIF,Biological_Process
Regulation Of Cell-Cell Adhesion Involved In Gastrulation ,GO:0070587,3/9,0.00413076792560876,0.0462676159258879,0,0,12.397419354838709,68.05305427631832,MAPK7;KLF4;MAP2K5,Biological_Process
Activation Of Protein Kinase Activity ,GO:0032147,9/81,0.004164422941465315,0.04647496002675292,0,0,3.112808842652796,17.061857984483154,CALCA;PDPK1;TRAF6;NTRK3;WNT5A;NTF3;NRG1;ADRA2C;TGFBR2,Biological_Process
Notch Signaling Pathway ,GO:0007219,6/40,0.004215277786718565,0.04687205625883796,0,0,4.386162755257543,23.98809861364492,BMP2;NOTCH1;JAG1;SNAI1;NRARP;HES1,Biological_Process
Regulation Of Cyclin-Dependent Protein Kinase Activity ,GO:1904029,7/53,0.004259653788733593,0.04702473912814171,0,0,3.784807985112502,20.65962945347689,CDKN1A;CDK7;CDKN1B;SERTAD1;GADD45A;TTBK1;STOX1,Biological_Process
Actin Cytoskeleton Reorganization ,GO:0031532,7/53,0.004259653788733593,0.04702473912814171,0,0,3.784807985112502,20.65962945347689,PAK1;CTTN;S1PR1;NEDD9;CDC42BPB;EZR;ASB2,Biological_Process
Regulation Of Epidermal Cell Differentiation ,GO:0045604,4/18,0.004494798200734877,0.04874394232528388,0,0,7.090439276485788,38.32265086587793,ERRFI1;SFRP4;ROCK1;MAFF,Biological_Process
Regulation Of Vascular Endothelial Cell Proliferation ,GO:1905562,4/18,0.004494798200734877,0.04874394232528388,0,0,7.090439276485788,38.32265086587793,MEF2C;PDPK1;FGF2;FGFR1,Biological_Process
Mesenchyme Morphogenesis ,GO:0072132,4/18,0.004494798200734877,0.04874394232528388,0,0,7.090439276485788,38.32265086587793,ADAMTS5;BMP2;NOTCH1;SOX9,Biological_Process
Neuron Fate Commitment ,GO:0048663,4/18,0.004494798200734877,0.04874394232528388,0,0,7.090439276485788,38.32265086587793,ATOH7;BHLHA15;BHLHE23;POU3F2,Biological_Process
Positive Regulation Of Cation Transmembrane Transport ,GO:1904064,4/18,0.004494798200734877,0.04874394232528388,0,0,7.090439276485788,38.32265086587793,EDN1;EDNRA;STAC;KCNQ1,Biological_Process
Sequence-Specific Double-Stranded DNA Binding ,GO:1990837,94/715,1.0740384481353174e-25,5.638701852710417e-23,0,0,4.116389336196099,236.6644016834977,SUV39H2;RARG;GMEB2;ZBTB26;HMGB2;NR3C1;ELK1;BACH2;GLI2;SOX2;DBP;CREB3L1;CREB3L2;SOX9;JUNB;TEAD1;EMX1;MEF2C;EMX2;KLF12;MBNL2;TGIF2;ZBTB37;ARID5A;ETV1;BHLHA15;SOX12;FOS;PROX1;OLIG2;ETV3;POU3F2;HIC1;ELF1;MAF;MYCN;ELF2;IRF1;CRY2;RARB;ATF3;CREB5;DLX1;FOXC2;DLX2;CEBPB;DLX5;ZBTB46;EPAS1;SRF;CREM;ZBTB43;HOXD13;FOXO3;BHLHE23;GLIS1;NPAS2;ATOH7;HMBOX1;RXRA;GBX2;CUX1;PRDM16;HES1;MSC;ZNF740;ZBTB18;EGR1;JUN;EGR2;JUND;BCL11B;EGR4;NFATC2;NFATC1;NR1D2;KLF4;MEIS2;PBX1;POU4F3;FOSL1;NR4A2;PER1;NR4A1;REST;KLF5;SP2;MAFF;SNAI1;FOSB;NANOG;LHX5;TCF4;MELTF,Molecular_Function
Sequence-Specific DNA Binding ,GO:0043565,93/717,5.444047430595681e-25,1.4290624505313662e-22,0,0,4.046448624368332,226.0755076092105,CSRNP1;RARG;GMEB2;ZBTB26;NR3C1;ELK1;BACH2;GLI2;SOX2;DBP;CREB3L1;SOX9;JUNB;TEAD1;MEF2A;EMX1;MEF2C;EMX2;KLF12;MBNL2;TGIF2;ZBTB37;ARID5A;TET1;ETV1;BHLHA15;SOX12;FOS;PROX1;OLIG2;ETV3;POU3F2;HIC1;ELF1;MAF;MYCN;ELF2;ERF;RARB;ATF3;CREB5;DLX1;FOXC2;DLX2;CEBPB;DLX5;EPAS1;SRF;CREM;ZBTB43;HOXD13;FOXO3;BHLHE23;FOXO1;GLIS1;NPAS2;ATOH7;HMBOX1;RXRA;GBX2;CUX1;PRDM16;HES1;MSC;ZNF740;ZBTB18;EGR1;JUN;EGR2;JUND;POU2F1;BCL11B;EGR4;NFATC2;NFATC1;NR1D2;KLF4;MEIS2;PBX1;POU4F3;FOSL1;NR4A2;NR4A1;KLF5;SP2;MAFF;SNAI1;BCL2;FOSB;NANOG;LHX5;TCF4;MELTF,Molecular_Function
Double-Stranded DNA Binding ,GO:0003690,85/650,4.054319345320625e-23,7.095058854311096e-21,0,0,4.050224112171015,208.8282361507593,RARG;GMEB2;ZBTB26;HMGB2;NR3C1;ELK1;BACH2;GLI2;DBP;CREB3L1;MTERF1;SOX9;JUNB;TEAD1;EMX1;MEF2C;EMX2;KLF12;MBNL2;TGIF2;ZBTB37;ETV1;BHLHA15;SOX12;FOS;PROX1;OLIG2;ETV3;POU3F2;HIC1;ELF1;MAF;MYCN;ELF2;RARB;ATF3;CREB5;DLX1;FOXC2;DLX2;CEBPB;DLX5;EPAS1;SRF;CREM;ZBTB43;HOXD13;FOXO3;BHLHE23;GLIS1;NPAS2;ATOH7;HMBOX1;RXRA;GBX2;CUX1;HES1;MSC;ZNF740;ZBTB18;EGR1;JUN;EGR2;JUND;BCL11B;EGR4;NFATC2;NFATC1;NR1D2;KLF4;MEIS2;PBX1;POU4F3;FOSL1;NR4A2;NR4A1;KLF5;SP2;MAFF;SNAI1;FOSB;NANOG;LHX5;TCF4;MELTF,Molecular_Function
RNA Polymerase II Cis-Regulatory Region Sequence-Specific DNA Binding ,GO:0000978,115/1122,5.327908651369484e-22,6.99288010492245e-20,0,0,3.1375020407674183,153.68712781109386,NR3C1;ELK1;BACH2;SOX2;SALL3;CREB3L1;CREB3L2;SOX9;JUNB;MEF2A;MEF2C;ZFP2;MITF;BHLHA15;SOX12;POU3F2;NPAS4;MYCL;MAF;MYCN;ZSCAN20;ZSCAN21;ATF3;DLX1;DLX2;DLX5;EPAS1;CREM;FOXO3;BHLHE23;FOXO1;NPAS2;GLIS1;ZKSCAN7;PRDM16;ZSCAN12;MSC;ZBTB17;EGR1;JUN;EGR2;ZFHX3;JUND;POU2F1;EGR4;BCL11B;ZBTB16;NFATC2;SMAD9;NR1D2;NFATC1;PBX1;FOSL2;ZBTB9;FOSL1;NR4A2;NR4A1;NR4A3;SP2;MAFF;NFE2L3;SNAI1;REL;NANOG;TCF4;GTF2IRD1;MKX;MELTF;RBAK;MXD4;RARG;GMEB2;CHD2;GLI2;DBP;TEAD1;TEAD3;ZIK1;EMX1;EMX2;KLF12;TGIF2;ETV1;FOS;OLIG2;PROX1;ELF1;ZEB2;TAL2;IRF1;RARB;CREB5;FOXC2;CEBPB;PLAG1;SRF;ZBTB43;HOXD13;ATOH7;ZFP14;RXRA;NFIL3;MXI1;HES1;HDX;ZNF740;MLXIP;KLF4;MEIS2;POU4F3;PER1;REST;KLF5;KLF9;FOSB,Molecular_Function
Cis-Regulatory Region Sequence-Specific DNA Binding ,GO:0000987,110/1098,2.8125065353201663e-20,2.9531318620861738e-18,0,0,3.0390736745133213,136.8118813626991,NR3C1;ELK1;BACH2;SOX2;SALL3;SOX9;JUNB;MEF2A;MEF2C;ZFP2;MITF;SOX12;POU3F2;NPAS4;MYCL;MAF;MYCN;ZSCAN20;ZSCAN21;ATF3;DLX1;DLX2;DLX5;EPAS1;CREM;FOXO3;FOXO1;NPAS2;GLIS1;ZKSCAN7;PRDM16;ZSCAN12;MSC;ZBTB17;EGR1;JUN;EGR2;ZFHX3;JUND;POU2F1;EGR4;BCL11B;TIPARP;ZBTB16;NFATC2;SMAD9;NR1D2;NFATC1;ELL2;PBX1;FOSL2;ZBTB9;FOSL1;NR4A2;NR4A1;NR4A3;SP2;MAFF;NFE2L3;SNAI1;REL;NANOG;TCF4;GTF2IRD1;MKX;MELTF;RBAK;MXD4;RARG;GMEB2;HMGB2;CHD2;GLI2;DBP;TEAD1;TEAD3;ZIK1;EMX1;EMX2;KLF12;TGIF2;ETV1;FOS;PROX1;ELF1;ZEB2;TAL2;IRF1;RARB;FOXC2;CEBPB;PLAG1;SRF;ZBTB43;HOXD13;ZFP14;RXRA;NFIL3;MXI1;HDX;ZNF740;MLXIP;KLF4;MEIS2;POU4F3;PER1;REST;KLF5;KLF9;FOSB,Molecular_Function
RNA Polymerase II Transcription Regulatory Region Sequence-Specific DNA Binding ,GO:0000977,116/1225,2.003014218695025e-19,1.7526374413581462e-17,0,0,2.8619289035875117,123.21881383829135,NR3C1;ELK1;BACH2;SOX2;SALL3;SOX9;JUNB;MEF2A;MEF2C;ZFP2;MITF;SOX12;POU3F2;NPAS4;MYCL;MAF;MYCN;ZSCAN20;ZSCAN21;ATF3;DLX1;DLX2;DLX5;EPAS1;CREM;FOXO3;FOXO1;NPAS2;GLIS1;ZKSCAN7;PRDM16;ZSCAN12;MSC;ZBTB17;EGR1;JUN;EGR2;ZFHX3;TFAP2D;JUND;POU2F1;EGR4;BCL11B;ZBTB16;NFXL1;NFATC2;SMAD9;NR1D2;NFATC1;PBX1;FOSL2;ZBTB9;FOSL1;NR4A2;NR4A1;NR4A3;SP2;MAFF;NFE2L3;SNAI1;REL;NANOG;TCF4;GTF2IRD1;LHX5;MKX;MELTF;RBAK;MXD4;RARG;GMEB2;CHD2;GLI2;DBP;TEAD1;TEAD3;ZIK1;EMX1;EMX2;KLF12;TGIF2;ETV1;FOS;PROX1;RBL2;ELF1;ZEB2;TAL2;TFDP2;IRF1;RARB;FOXC2;CEBPB;PLAG1;SRF;ZBTB43;HOXD13;ZFP14;RXRA;GBX2;NFIL3;CUX1;PLAGL1;MXI1;HDX;ZNF740;STOX1;MLXIP;KLF4;MEIS2;POU4F3;PER1;REST;KLF5;KLF9;FOSB,Molecular_Function
"DNA-binding Transcription Activator Activity, RNA Polymerase II-specific ",GO:0001228,50/348,1.1909565226081074e-15,8.932173919560807e-14,0,0,4.361494210487499,149.87847257875185,NR3C1;ELK1;DBP;CREB3L1;SOX9;MEF2A;MEF2C;MITF;ETV1;SOX12;FOS;NPAS4;ELF1;MYCN;TFDP2;IRF1;ZSCAN21;ATF3;FOXC2;EPAS1;DLX5;PLAG1;SRF;HOXD13;FOXO3;FOXO1;GLIS1;PLAGL1;PRDM16;MLXIP;EGR1;ZBTB17;EGR2;JUN;POU2F1;EGR4;ZBTB16;NFATC1;KLF4;MEIS2;FOSL2;POU4F3;NR4A2;NR4A1;NR4A3;KLF5;MAFF;REL;TCF4;MELTF,Molecular_Function
Protein Serine/Threonine Kinase Activity ,GO:0004674,48/342,1.1290819065573991e-14,7.40960001178293e-13,0,0,4.233268101761253,135.95050116467394,DYRK2;ROCK1;TTBK1;TTBK2;AURKA;RPS6KA4;RPS6KA3;RPS6KA6;PAK1;MAPK8;RPS6KA5;NUAK2;ACVR1C;MAPK7;RPS6KA2;RPS6KA1;PIM1;PIM3;NEK3;PRKACA;MAPK6;PRKACB;MAPK4;PLK3;MAP3K1;PDPK1;DYRK1A;HUNK;DYRK1B;CSNK1D;PRKCA;CDC42BPB;HIPK1;CDK11B;CIT;HIPK2;TGFBR2;CLK1;CDK7;PRKD3;STK17B;RPS6KB2;SIK1;PRKD1;CDK12;CDK13;SGK1;BMPR1B,Molecular_Function
Transcription Cis-Regulatory Region Binding ,GO:0000976,57/474,3.4203745573474536e-14,1.9952184917860145e-12,0,0,3.5651423382791685,110.54237641391693,SUV39H2;HMGB2;NR3C1;ELK1;SOX2;DBP;CREB3L1;CREB3L2;SOX9;MEF2A;MEF2C;ARID5A;SOX12;FOS;PROX1;NPAS4;RBL2;TFDP2;IRF1;CRY2;ATF3;FOXC2;CEBPB;DLX5;ZBTB46;EPAS1;CREM;FOXO3;ATOH7;RXRA;GBX2;CUX1;NFIL3;PLAGL1;PRDM16;MXI1;MSC;STOX1;MLXIP;ZBTB17;EGR1;JUN;EGR2;JUND;TFAP2D;TIPARP;NFXL1;KLF4;ELL2;PBX1;FOSL2;PER1;REST;SNAI1;NANOG;LHX5;MELTF,Molecular_Function
Transcription Regulatory Region Nucleic Acid Binding ,GO:0001067,32/224,2.0256509186095452e-10,1.0634667322700114e-8,0,0,4.251563896336014,94.89473542232736,LIN54;SUV39H2;FOXC2;CEBPB;DLX5;ZBTB46;HMGB2;FOXO3;ELK1;SOX2;ATOH7;RXRA;CREB3L1;CREB3L2;PRDM16;EGR1;MEF2C;EGR2;JUN;JUND;ARID5A;SOX12;FOS;PROX1;KLF4;PBX1;PER1;REST;IRF1;CRY2;NANOG;ATF3,Molecular_Function
DNA Binding ,GO:0003677,71/846,8.582287351919259e-10,4.096091690688737e-8,0,0,2.3903581694574987,49.90147680088543,CSRNP1;RARG;CHD7;HMGB2;JRKL;CHD2;GLI2;SOX2;ZC3H12A;MTERF1;SOX9;JUNB;TEAD1;MEF2A;KLF12;SPHK1;DNTTIP1;ARID5A;TET1;BAZ1A;SOX12;PROX1;POU3F2;HIC1;MLF1;HIC2;MYCL;MYCN;TAL2;IRF1;CRY2;ERF;RARB;FOXC2;CEBPB;EPAS1;CREM;HOXD13;FOXO3;SPTY2D1;FOXO1;NPAS2;HMBOX1;RXRA;CUX1;PLAGL1;PRDM16;HES1;ZBTB18;EGR1;JUN;EGR2;MBD6;POU2F1;EGR4;MTERF2;ZBTB16;NFATC2;ARID3A;MEIS2;PBX1;NR4A2;PER1;NR4A1;NR4A3;MAFF;BCL2;FOSB;NANOG;TCF4;MELTF,Molecular_Function
"3',5'-Cyclic-Nucleotide Phosphodiesterase Activity ",GO:0004114,8/16,4.9338436010605344e-8,2.158556575463984e-6,0,0,24.953246753246752,419.82745769524416,PDE4D;PDE3B;PDE3A;PDE4B;PDE4A;PDE5A;PDE7B;PDE8A,Molecular_Function
"3',5'-cyclic-AMP Phosphodiesterase Activity ",GO:0004115,7/13,1.834371143246912e-7,7.408037309266375e-6,0,0,29.07738867271941,451.0308301412636,PDE4D;PDE3B;PDE3A;PDE4B;PDE4A;PDE7B;PDE8A,Molecular_Function
"DNA-binding Transcription Repressor Activity, RNA Polymerase II-specific ",GO:0001227,27/243,1.001382642748002e-6,3.755184910305008e-5,0,0,3.1634487350199736,43.7002884997947,CEBPB;ZBTB46;CREM;NR3C1;FOXO3;NFIL3;CREB3L1;PRDM16;MXI1;HES1;ZBTB18;JUN;ZFHX3;KLF12;TGIF2;ZBTB16;MITF;PROX1;HIC1;ZEB2;REST;SP2;SNAI1;ERF;GTF2IRD1;NANOG;ATF3,Molecular_Function
Protein Tyrosine Kinase Activity ,GO:0004713,15/99,6.346190619106372e-6,2.2211667166872304e-4,0,0,4.479030144167759,53.60349120673835,DDR1;DYRK2;FLT3;NTRK3;DYRK1A;HIPK1;TTBK1;HIPK2;CLK1;RPS6KA5;TEC;PEAK1;KDR;EPHA2;FGFR1,Molecular_Function
cAMP Response Element Binding ,GO:0035497,5/9,9.725382942366212e-6,3.1911412779639137e-4,0,0,31.07697283311772,358.65223591868545,JUN;NR4A3;CREB3L1;CREB3L2;CREB5,Molecular_Function
Protein Serine/Threonine/Tyrosine Kinase Activity ,GO:0004712,7/26,4.513918613822333e-5,0.0013940042777980735,0,0,9.176121236944502,91.81406514360476,MAPK10;RPS6KA2;RPS6KA1;PRKACA;SGK1;MAP2K5;AURKA,Molecular_Function
Protein Kinase Binding ,GO:0019901,39/511,5.153185392993496e-5,0.0015030124062897698,0,0,2.096425540698608,20.69866013277707,PPP1R15A;ERRFI1;CDKN1A;CDKN1B;PDE3B;NEDD9;FOXO3;NR3C1;DUSP16;ADD2;AURKA;FAM83F;MAPK8;MAPK7;PRKAR2A;BLNK;SOX9;PRKACA;PDLIM5;MAPK4;CEP68;PPP1R12A;MAP3K1;GCH1;DUSP1;RCC2;CIT;GPRC5B;NR4A3;PRC1;TRAF6;KCNQ1;DOK7;SPRY2;SIK1;TRIB3;EZR;TRIB1;TJP2,Molecular_Function
Cyclic Nucleotide-Dependent Protein Kinase Activity ,GO:0004690,4/7,7.23925172102242e-5,0.002000319554493037,0,0,33.107665805340226,315.6288733817682,PRKX;PRKACA;PRKACB;PRKG1,Molecular_Function
E-box Binding ,GO:0070888,9/51,1.3655017117614464e-4,0.003202953260967963,0,0,5.344603381014304,47.56065520946517,ATOH7;PER1;SNAI1;MITF;HES1;TCF4;BHLHA15;OLIG2;BHLHE23,Molecular_Function
Receptor Ligand Activity ,GO:0048018,27/319,1.3786636341922673e-4,0.003202953260967963,0,0,2.330727979132846,20.718367105449115,CSF1;HMGB2;CXCL1;AREG;FGF2;FGF5;NTF3;EDN1;JAG1;TSLP;EDN3;BDNF;TGFB3;WNT5A;LIF;WNT7A;NRG1;INHBA;WNT16;GDF5;BMP6;GREM1;EPGN;BMP2;VGF;SST;CRH,Molecular_Function
RNA Polymerase II CTD Heptapeptide Repeat Kinase Activity ,GO:0008353,4/8,1.403198571471679e-4,0.003202953260967963,0,0,24.829457364341085,220.276667517786,CDK7;DYRK1A;CDK12;CDK13,Molecular_Function
Cyclic-Nucleotide Phosphodiesterase Activity ,GO:0004112,4/8,1.403198571471679e-4,0.003202953260967963,0,0,24.829457364341085,220.276667517786,PDE4D;PDE3B;PDE3A;PDE5A,Molecular_Function
Protein Heterodimerization Activity ,GO:0046982,19/190,1.622743666257322e-4,0.003549751769937892,0,0,2.7889035280339627,24.336591417433137,MEF2A;MEF2C;ZHX2;TPM4;EPAS1;GADD45A;ADRB1;ATP1A1;ADRA2C;ZHX1;BMP6;ADD2;AURKA;NPAS4;NR4A2;NR4A1;BCL2;TCF4;ATF3,Molecular_Function
MAP Kinase Tyrosine Phosphatase Activity ,GO:0033550,4/9,2.447963084547036e-4,0.004431657308231703,0,0,19.8625322997416,165.15862625870022,DUSP4;DUSP5;DUSP16;DUSP6,Molecular_Function
MAP Kinase Tyrosine/Serine/Threonine Phosphatase Activity ,GO:0017017,4/9,2.447963084547036e-4,0.004431657308231703,0,0,19.8625322997416,165.15862625870022,DUSP4;DUSP5;DUSP16;DUSP6,Molecular_Function
Bioactive Lipid Receptor Activity ,GO:0045125,4/9,2.447963084547036e-4,0.004431657308231703,0,0,19.8625322997416,165.15862625870022,LPAR6;SPHK1;S1PR1;GPR6,Molecular_Function
Histone H3 Kinase Activity ,GO:0140996,4/9,2.447963084547036e-4,0.004431657308231703,0,0,19.8625322997416,165.15862625870022,RPS6KA4;RPS6KA5;DYRK1A;PRKCA,Molecular_Function
Protein Tyrosine/Threonine Phosphatase Activity ,GO:0008330,4/9,2.447963084547036e-4,0.004431657308231703,0,0,19.8625322997416,165.15862625870022,DUSP4;DUSP5;DUSP16;DUSP6,Molecular_Function
Protein Kinase Inhibitor Activity ,GO:0004860,8/45,3.038804727876049e-4,0.005317908273783085,0,0,5.387153387153387,43.62988789771881,SOCS3;CDKN1A;CDKN1B;ITPRIP;SPRY4;SPRY2;TRIB1;CIT,Molecular_Function
Growth Factor Activity ,GO:0008083,11/85,4.451458251927058e-4,0.0075387599427796945,0,0,3.710983473695338,28.63806259961012,FGF5;EPGN;JAG1;CSF1;BDNF;NTF3;LIF;CXCL1;NRG1;INHBA;FGF2,Molecular_Function
Transmembrane Receptor Protein Kinase Activity ,GO:0019199,7/37,4.867926881676811e-4,0.007986442540251017,0,0,5.808214440121055,44.303155916228,DDR1;FLT3;NTRK3;KDR;BMPR1B;TGFBR2;EPHA2,Molecular_Function
LBD Domain Binding ,GO:0050693,3/5,5.528783160439336e-4,0.008537091644796033,0,0,37.2,279.01386161187804,RXRA;CITED2;PROX1,Molecular_Function
cAMP-dependent Protein Kinase Activity ,GO:0004691,3/5,5.528783160439336e-4,0.008537091644796033,0,0,37.2,279.01386161187804,PRKX;PRKACA;PRKACB,Molecular_Function
Kinase Binding ,GO:0019900,33/460,5.76151651985492e-4,0.00864227477978238,0,0,1.9497194410826275,14.543229583944171,BCAR3;PPP1R15A;ERRFI1;CDKN1A;BTG1;CDKN1B;FOXO3;NR3C1;ADD2;AURKA;LAPTM4B;FAM83F;BLNK;PRKACA;PDE8A;MAPK4;CEP68;PPP1R12A;MAP3K1;GADD45A;RCC2;PARP16;CIT;PER1;GPRC5B;MYCN;NR4A3;PRC1;DOK7;SNAI1;SPRY2;SIK1;TRIB3,Molecular_Function
Cytokine Activity ,GO:0005125,17/178,5.998536053824393e-4,0.008747865078493906,0,0,2.644746614866023,19.620912102837387,CXCL6;EDN1;CSF1;TSLP;TGFB3;WNT5A;LIF;WNT7A;CXCL1;NRG1;INHBA;WNT16;FGF2;GDF5;BMP6;BMP2;KLF5,Molecular_Function
Tau-Protein Kinase Activity ,GO:0050321,5/20,8.373376871765884e-4,0.011881142858586729,0,0,8.282449331608452,58.683498436566325,ROCK1;DYRK1A;CSNK1D;TTBK1;TTBK2,Molecular_Function
Protein Kinase A Catalytic Subunit Binding ,GO:0034236,4/12,8.757666684738258e-4,0.012099407919704172,0,0,12.412144702842378,87.38659839526787,KCNQ1;PRKAR2A;SOX9;EZR,Molecular_Function
RNA Polymerase II-specific DNA-binding Transcription Factor Binding ,GO:0061629,19/228,0.0015409202717004305,0.02074315750365964,0,0,2.277278716013894,14.746234717833078,MEF2A;MEF2C;EGR2;JUN;MYOCD;EPAS1;NFATC1;FOS;PROX1;KLF4;ELK1;HIPK2;NFKBIA;REST;RXRA;HES1;TRIB1;ZFPM2;TEAD3,Molecular_Function
DNA-binding Transcription Factor Binding ,GO:0140297,22/282,0.0016109632986549005,0.020802691515644487,0,0,2.122323972323972,13.648501955307086,MEF2A;ZBTB17;MEF2C;EGR2;JUN;MYOCD;EPAS1;SRF;CREM;NFATC1;FOS;KLF4;ELK1;HIPK2;REST;PRDM16;BCL2;SIK1;HES1;TRIB1;ZFPM2;TEAD3,Molecular_Function
Mitogen-Activated Protein Kinase Binding ,GO:0051019,5/23,0.0016497977639528098,0.020802691515644487,0,0,6.900963058789708,44.215178121035066,MAPK7;GCH1;DUSP1;NFATC1;DUSP16,Molecular_Function
MAP Kinase Phosphatase Activity ,GO:0033549,4/14,0.001664215321251559,0.020802691515644487,0,0,9.928682170542636,63.52769534144176,DUSP4;DUSP5;DUSP16;DUSP6,Molecular_Function
Kinase Inhibitor Activity ,GO:0019210,6/34,0.0017990662343276495,0.0217727846820236,0,0,5.327720207253886,33.67378901281069,SOCS3;CDKN1A;CDKN1B;ITPRIP;SPRY4;TRIB1,Molecular_Function
"3',5'-cyclic-GMP Phosphodiesterase Activity ",GO:0047555,3/7,0.001824766716207692,0.0217727846820236,0,0,18.598064516129032,117.28503241149184,PDE3A;PDE5A;PDE8A,Molecular_Function
Calcium Channel Regulator Activity ,GO:0005246,6/37,0.0028173760054232967,0.03236100136740938,0,0,4.8113822497075045,28.252192737809708,RRAD;MCUB;NPY2R;SGK1;PRKG1;GEM,Molecular_Function
Nuclear Glucocorticoid Receptor Binding ,GO:0035259,3/8,0.0028354401198111075,0.03236100136740938,0,0,14.87767741935484,87.26588142673744,NR4A2;NR4A1;NR4A3,Molecular_Function
Type I Transforming Growth Factor Beta Receptor Binding ,GO:0034713,3/9,0.00413076792560876,0.04614155661584253,0,0,12.397419354838709,68.05305427631832,TGFB3;SMAD7;TGFBR2,Molecular_Function
Nucleus ,GO:0005634,259/4487,9.452060230067806e-13,2.2306862142960024e-10,0,0,1.769762278451939,49.00006916973922,MSANTD4;ELK1;BACH2;RPS6KA4;SOX2;ZC3H12C;RPS6KA5;CREB3L1;RPS6KA2;ZC3H12A;CREB3L2;SOX9;PRKACA;PRKACB;JUNB;IER2;IER3;MEF2A;MEF2C;MBNL2;IFRD1;DNTTIP1;CSNK1D;BHLHA15;SFRP4;TRIB3;SIK1;HECA;TRIB1;ZFPM2;ATF3;EPAS1;HSPA4L;BAZ2B;PRDM10;TTBK1;TTBK2;PRDM16;APOE;RBM11;CDK17;EGR1;PLK3;JUN;EGR2;JUND;GADD45B;BCL11B;TIPARP;GADD45A;DCLK3;NFATC2;AMMECR1;NR1D2;NFATC1;PBX1;FOSL2;GADD45G;FOSL1;ID1;FAT1;ID4;SNAI1;REL;ID3;NANOG;GTF2IRD1;MKX;CDK12;CDK13;RBAK;LIN54;CSRNP1;SUV39H2;BTG3;BTG2;CDKN1A;RARG;GMEB2;BTG1;CDKN1B;CITED2;TCF20;JRKL;PTH1R;GLI2;TIMP3;FEZF2;LMCD1;TEAD1;DUSP4;DUSP5;ZHX2;DUSP1;SPHK1;TET1;PAWR;FOS;BAZ1A;PROX1;ZHX1;MLF1;GCHFR;ZEB2;G2E3;RARB;SGK1;CRYAB;FOXC2;DOT1L;NEDD9;PRKX;CENPA;RXRA;GBX2;SERTAD1;NFIL3;CUX1;UBN1;GPC6;GINS2;MBD6;GCH1;PCGF5;HIPK1;HIPK2;POU4F3;PER1;STK17B;RIMBP3;FOSB;HSPA1B;TJP2;CWC25;NR3C1;CDC14B;RGS2;TUBB6;HMGN5;SALL3;CFL1;PIM1;SVEP1;NEK3;PHLDA1;NUDT12;SWAP70;DYRK1A;ARID5A;DYRK1B;MITF;HIC1;HIC2;MAF;MYCN;ERF;HOMEZ;DLX1;MAGEL2;NOTCH1;CREM;PSEN2;CREBL2;FOXO3;BHLHE23;FOXO1;NPAS2;GLIS1;ZFP36L2;HMBOX1;PMAIP1;MSC;ZBTB18;ZFHX3;AKIRIN1;TFAP2D;POU2F1;ZBTB16;NFXL1;SMAD9;BTBD8;HOPX;SMAD7;CLK1;NR4A2;NFKBIA;MOB1A;NR4A1;CDK7;KIF18A;NR4A3;MAFF;NFE2L3;BCL2;TCF4;LHX5;MELTF;NFKBID;FGFR1;USP36;DYRK2;CHD7;NGLY1;HMGB2;CHD2;DUSP16;LBH;DBP;SNAPC2;NFKBIZ;PDE4B;PDE4A;HMG20A;EMX1;MYOCD;RBM14;TGIF2;PDE4D;ELAC1;ETV1;OLIG2;TENT5B;ETV3;H2BC12;EPN3;ELF1;ELF2;TFDP2;IRF1;TRAF6;CRY2;DSG1;KDM7A;CREB5;CEBPB;SRF;ZBTB40;AURKA;ATOH7;MAPK8;MAPK7;MXI1;HES1;MAPK6;STOX1;MAPK4;MLXIP;ARID3A;PTPN12;PTPN13;CDK11B;PML;MAPK10;REST;PRC1;IMPDH2;KLF9;SPRY2;CDK2AP1,Cellular_Component
Intracellular Membrane-Bounded Organelle ,GO:0043231,286/5175,5.713222588870984e-12,6.741602654867762e-10,0,0,1.7041899269473366,44.1184742132069,MSANTD4;ELK1;BACH2;RPS6KA4;SOX2;ZC3H12C;GJA1;RPS6KA5;CREB3L1;RPS6KA2;ZC3H12A;CREB3L2;SOX9;PRKACA;PRKACB;JUNB;IER2;IER3;MEF2A;MEF2C;MBNL2;IFRD1;DNTTIP1;CSNK1D;BHLHA15;SFRP4;TRIB3;SIK1;HECA;KDELR3;TRIB1;ZFPM2;ATF3;EPAS1;HSPA4L;BAZ2B;PRDM10;TTBK1;TTBK2;RAB11FIP1;PRDM16;APOE;RBM11;CDK17;EGR1;PLK3;JUN;EGR2;JUND;GADD45B;BCL11B;TIPARP;GADD45A;DCLK3;NFATC2;AMMECR1;NR1D2;NFATC1;PBX1;FOSL2;GADD45G;FOSL1;ID1;FAT1;ID4;SNAI1;REL;ID3;NANOG;GTF2IRD1;PLCH1;MKX;CDK12;CDK13;RBAK;LIN54;CSRNP1;SUV39H2;BTG3;BTG2;CDKN1A;RARG;GMEB2;BTG1;CDKN1B;CITED2;MCUB;TCF20;JRKL;PTH1R;GLI2;TIMP3;FEZF2;LMCD1;TEAD1;DUSP4;DUSP5;ZHX2;DUSP1;SPHK1;AGTRAP;TET1;PAWR;FOS;BAZ1A;PROX1;ZHX1;MLF1;GCHFR;GPRC5B;ZEB2;CTTN;G2E3;RARB;SGK1;CRYAB;SLC29A3;FOXC2;DOT1L;NEDD9;PRKX;CENPA;BTAF1;RXRA;GBX2;SERTAD1;NFIL3;CUX1;PLAGL1;UBN1;GPC6;GINS2;MBD6;SLC16A1;GCH1;PCGF5;HIPK1;HIPK2;POU4F3;PER1;STK17B;RIMBP3;FOSB;HSPA1B;TJP2;CWC25;NR3C1;CDC14B;RGS2;TUBB6;HMGN5;SALL3;CFL1;PIM1;SVEP1;NEK3;PHLDA1;NUDT12;SWAP70;DYRK1A;ARID5A;DYRK1B;MITF;HIC1;HIC2;MAF;MYCN;ERF;HOMEZ;DLX1;MAGEL2;PARM1;NOTCH1;CREM;PSEN2;CREBL2;FOXO3;BHLHE23;FOXO1;NPAS2;GLIS1;ZFP36L2;VTN;HMBOX1;PMAIP1;MSC;ZBTB18;ZFHX3;AKIRIN1;TFAP2D;POU2F1;TGFB3;ZBTB16;NFXL1;SMAD9;BTBD8;HOPX;SMAD7;CLK1;NR4A2;NFKBIA;MOB1A;NR4A1;BMP2;CDK7;KIF18A;NR4A3;P4HA1;MAFF;NFE2L3;BCL2;TCF4;LHX5;MELTF;NFKBID;FGFR1;USP36;DYRK2;CHD7;NGLY1;HMGB2;CHD2;DUSP16;LBH;DBP;SNAPC2;NFKBIZ;PDE4B;BLNK;PDE4A;HMG20A;ADAMTS9;EMX1;MYOCD;RBM14;TGIF2;PDE4D;ELAC1;ETV1;OLIG2;TENT5B;ETV3;SHROOM4;H2BC12;EPN3;ELF1;ELF2;VGF;TFDP2;IRF1;TRAF6;CRY2;DSG1;KDM7A;CREB5;CEBPB;SRF;ZBTB40;AURKA;ATOH7;MAPK8;RAB20;MAPK7;MXI1;S1PR1;HES1;MAPK6;STOX1;MAPK4;MLXIP;ARID3A;PTPN12;PTPN13;CDK11B;PML;MAPK10;TSPAN15;REST;KLF5;PRC1;IMPDH2;KLF9;ACKR3;SPRY2;CDK2AP1;SEC24D,Cellular_Component
